{"precision":0.19035907525823906,"_timestamp":1.7522676564985805e+09,"final_loss":0.3541969060897827,"final_sweep":true,"threshold_percentile":91,"_runtime":50,"feature_strategy":"combined","threshold":0.3566736054119225,"learning_rate":0.012,"_step":2,"total_epochs":12,"final_auc":0.7022214392914086,"sample_count":22580,"fraud_ratio":0.05199291408325952,"_wandb":{"runtime":50},"feature_count":38,"best_epoch":7,"recall":0.32964224872231684,"best_loss":0.3522587716579437,"confusion_matrix_table":{"nrows":4,"_latest_artifact_path":"wandb-client-artifact://qf4vrcqnda0wz0eaxdt8s4sdn3gljhvpwzpihd04dttkan46aoeso5l0nnl9rxo315be0uhsbp427uavsnmno4sa465bp0tkdanj39fujgdwrlhimg6hm7k2r0v9pu0c:latest/confusion_matrix_table.table.json","_type":"table-file","path":"media/table/confusion_matrix_table_2_21f42105bdb07354336c.table.json","ncols":3,"artifact_path":"wandb-client-artifact://3nuujwzzjxs0nitcdqkcsrkqzedo4cwg7vqt45j4imvcu14q80cruewfqbxq63e0sa0fstu0xu8qpob7xisakebx8lh9mc23p7kwb70fjdv84aok1qlmxlhbxxyflmh6/confusion_matrix_table.table.json","sha256":"21f42105bdb07354336c9159dd54f4831462e3ed72a5eab48b8e003a984238e2","log_mode":"IMMUTABLE","size":189}}