{"final_auc":0.701519109498348,"best_loss":0.30786144733428955,"_runtime":87,"learning_rate":0.01,"feature_strategy":"combined","total_epochs":24,"sample_count":22580,"precision":0.5752212389380531,"fraud_ratio":0.05199291408325952,"final_sweep":true,"recall":0.11073253833049404,"_timestamp":1.7522689903586211e+09,"_step":2,"_wandb":{"runtime":87},"final_loss":0.31085750460624695,"feature_count":38,"best_epoch":15,"confusion_matrix_table":{"nrows":4,"_type":"table-file","log_mode":"IMMUTABLE","_latest_artifact_path":"wandb-client-artifact://idzdwy166dbm2t5am056s7li0ls7so7he1qey80zt5pi7k702mx4fhoscufnpsy2m3mrfo5hsl4zz89v95z687jt9rvow5huusis8jwq63c5y6nce3881tdgn7g3vly5:latest/confusion_matrix_table.table.json","sha256":"2466cb34e2056722d41e528aa0f4ebdb15e201dbdcd5ee2ff2210c6e95bfd8f7","size":188,"path":"media/table/confusion_matrix_table_2_2466cb34e2056722d41e.table.json","ncols":3,"artifact_path":"wandb-client-artifact://ps2jo3hn8fv5y6f2rntasdv813gg2d2nxd5e3ypp15w3kktvur3qdesd65s80r7643miqxua264prbsse73geevabeu30f2ptv99xvd3iga1ghmkh7csqe12iecbcumc/confusion_matrix_table.table.json"},"threshold_percentile":99,"threshold":1.909445006834636}