{"best_loss":0.3048478066921234,"recall":0.2768313458262351,"learning_rate":0.008,"threshold":0.33668454376258106,"final_loss":0.3048478066921234,"fraud_ratio":0.05199291408325952,"sample_count":22580,"_step":2,"best_epoch":24,"precision":0.20556609740670462,"feature_strategy":"combined","threshold_percentile":93,"_wandb":{"runtime":92},"confusion_matrix_table":{"_type":"table-file","_latest_artifact_path":"wandb-client-artifact://ryn8wjqjj9aio0bp3agg24eyc2rg8dre62hw25fli3sisnlya6uar86obzyh3vk10xchbk5o7gzhnm01lvabjevvkcnzzhiz08qedge8gjq6qeqhod0bsorw8vp95c1l:latest/confusion_matrix_table.table.json","log_mode":"IMMUTABLE","size":189,"artifact_path":"wandb-client-artifact://q2zub10tlu9f3zngko5exogwteahftuj5y1jp0qjj83cp02d8ce5er6ppgs29qv705l427ovg3ga47rf46jp10vmjtdc430fm96wwbqjnbbhbwc24sm8errj9lmvsr01/confusion_matrix_table.table.json","nrows":4,"ncols":3,"path":"media/table/confusion_matrix_table_2_6dd72c076839c948fbb7.table.json","sha256":"6dd72c076839c948fbb7e59e042e89e862bfc4cecf55f907bc7e7e0997addd3d"},"final_auc":0.6970164393717886,"total_epochs":25,"_runtime":92,"_timestamp":1.7522162690228956e+09,"final_sweep":true,"feature_count":38}