{"confusion_matrix_table":{"_latest_artifact_path":"wandb-client-artifact://yh739x4w8xapaab0ryk2ewvwr6klms5i11htes1l3cqr4i5q61cf5kjxp4riprrgzslwef3ohmcdxuclgzbu94epdc7qwbgre48143y3xi4hv5dzuj8r8mksr7x9tn20:latest/confusion_matrix_table.table.json","artifact_path":"wandb-client-artifact://of96cvlhryyj28g5k3nznxmhzx0e0o6sxqp08r2ud02xjdff6hnxi0lxgq9vz7hffufzipse4yd59l2vuv0d357nr2unl8dzmgum4sa0zv57n1me11h64t3qtuijyxk2/confusion_matrix_table.table.json","nrows":4,"size":188,"ncols":3,"_type":"table-file","sha256":"6a397dc57bb3a74356764f75057a5f4ec4492794848e11330778ddd9430abaec","path":"media/table/confusion_matrix_table_2_6a397dc57bb3a7435676.table.json","log_mode":"IMMUTABLE"},"val_loss":0.03901229798793793,"_step":12,"final_auc":0.6186811209454084,"threshold":0.07003081840151194,"precision":0.183348095659876,"_wandb":{"runtime":13},"_timestamp":1.751452552532193e+09,"epoch":9,"loss":0.12757541239261627,"best_epoch":10,"sample_count":22580,"feature_strategy":"temporal","fraud_ratio":0.05199291408325952,"recall":0.17632027257240204,"_runtime":13,"feature_count":10}