{"best_epoch":10,"feature_count":10,"final_auc":0.6327259659561449,"threshold":0.055871243104792266,"precision":0.21523472099202834,"_runtime":15,"confusion_matrix_table":{"artifact_path":"wandb-client-artifact://pqq0939c9x296wsbs9ke5ghajhsrpb7w95izd4lpy5wyq922brqplg562xzkw7fr85i1nrut6uuzqeb6i0msqwssp64ylnun0qidua363h0bi5fzuw88z9e8j8pmomzs/confusion_matrix_table.table.json","ncols":3,"_latest_artifact_path":"wandb-client-artifact://6uc1zj6diiuxe7fnrrng9ax5fecjkk068x6kfo6o7rvcxat5tqmc1wlwjyz21gnmfueh80awdbzwvx9zn5oeui9ygm1mwu6amp5x6ck0u833va19wf0ce0wvxj6dx6n5:latest/confusion_matrix_table.table.json","sha256":"3ddd77f5d498a3822f32bf509d7285b425221010f42deb1f81bb20767e5752b1","_type":"table-file","size":188,"path":"media/table/confusion_matrix_table_2_3ddd77f5d498a3822f32.table.json","nrows":4,"log_mode":"IMMUTABLE"},"epoch":9,"val_loss":0.023028774186968803,"_wandb":{"runtime":15},"_step":12,"fraud_ratio":0.05199291408325952,"_timestamp":1.7514343295180972e+09,"loss":0.1072675958275795,"recall":0.206984667802385,"sample_count":22580,"feature_strategy":"behavioural"}