{"sample_count":22580,"learning_rate":0.01,"final_sweep":true,"feature_count":38,"_wandb":{"runtime":54},"_step":2,"threshold":0.39697428076936536,"final_loss":0.3139260411262512,"precision":0.18937530742744713,"_timestamp":1.752218362170384e+09,"_runtime":54,"threshold_percentile":91,"confusion_matrix_table":{"artifact_path":"wandb-client-artifact://a22tveo54xv6nztqlqgp9z6v9w7mfnydgrrqxq4li7328uqlbaooplpvggy3k9oixyfbe7u2p2ihgtnwehvj0l0ehqnlph3z4spwn3n7ilz0j4cne8lrxo777xuki5si/confusion_matrix_table.table.json","path":"media/table/confusion_matrix_table_2_4e2621f15ed7b3a80ba8.table.json","ncols":3,"sha256":"4e2621f15ed7b3a80ba8dfc35c559e0f50137160123a023299eba201b2b0f003","size":189,"nrows":4,"log_mode":"IMMUTABLE","_latest_artifact_path":"wandb-client-artifact://rni32gfk81f5vlso45ic95d9w7l92dyvymi1yga7jj2hksryqy845s5c5smaiwot9cs8ak73eg33sov9b5mxlp6rqxbco84ajiuqxn4i46jmiuf62ubpg1hn2q1rbn3p:latest/confusion_matrix_table.table.json","_type":"table-file"},"recall":0.32793867120954,"final_auc":0.6994004610466806,"total_epochs":18,"best_loss":0.3139260411262512,"best_epoch":17,"fraud_ratio":0.05199291408325952,"feature_strategy":"combined"}