{"_step":2,"precision":0.35693215339233036,"threshold":0.8428844566621772,"best_loss":0.31658127903938293,"feature_strategy":"combined","_wandb":{"runtime":47},"learning_rate":0.005,"_runtime":47,"feature_count":38,"recall":0.2061328790459966,"final_auc":0.7015065352085685,"threshold_percentile":97,"total_epochs":14,"best_epoch":13,"final_sweep":true,"final_loss":0.31658127903938293,"confusion_matrix_table":{"artifact_path":"wandb-client-artifact://8cqglfi6fofiwqgbktj7dgqeexus8tete32k2vgrq4321a6uzjcfi6kpdrjikkm4fai96fpwebxisd3rbneug0fofhn24sczp22qhp3dvoy9d84ahgjysw32xh1wm8d6/confusion_matrix_table.table.json","sha256":"8d1f74b1af155b189d3105be8a147ab359156e0996d379144505783c60aa5746","log_mode":"IMMUTABLE","_type":"table-file","ncols":3,"nrows":4,"_latest_artifact_path":"wandb-client-artifact://8iv257t1omlfrd7es54n2acgkn5rhj7grljwvl0wdjgtb22btfencyau2is01ox7tnt60xzc3ooafvzgis5ekguy5ed51r84yyfzdln25ai1giee018xna3xlng3fq4b:latest/confusion_matrix_table.table.json","size":188,"path":"media/table/confusion_matrix_table_2_8d1f74b1af155b189d31.table.json"},"sample_count":22580,"_timestamp":1.752255429342558e+09,"fraud_ratio":0.05199291408325952}