{"precision":0.19840566873339238,"activation_fn":"relu","feature_count":38,"feature_strategy":"combined","sweep_stage":"broad","_wandb":{"runtime":51},"fraud_ratio":0.05199291408325952,"_step":3,"epochs":10,"final_auc":0.7296653838238287,"best_epoch":13,"batch_size":64,"recall":0.38160136286201024,"_timestamp":1.7521870587347584e+09,"sample_count":22580,"total_epochs":16,"confusion_matrix_table":{"nrows":4,"size":189,"artifact_path":"wandb-client-artifact://t3e9ry8sem4bqf1roxnppfs2fd0v4s4l6gjlib0s9i0cv18x55nqq51jhwvj9x6nosso6juk6pa3bp4tydq6jr1d331cg86oqo09y7t916rkvivcktmcfcuvgid8dlti/confusion_matrix_table.table.json","log_mode":"IMMUTABLE","path":"media/table/confusion_matrix_table_2_7f7e5297a55728d8e628.table.json","_type":"table-file","ncols":3,"sha256":"7f7e5297a55728d8e6286f9e1adb99202323bdcee86557f428d6db74b7710ab2","_latest_artifact_path":"wandb-client-artifact://npkve5ofel908wjm65ti23qumt6buylud8aemon8z766d2k8r06apww44dorlj77qls8xmfqsbqso2rppqzgsrr04w5a874d1zt9nr2s30fbs2x1h92r4zn2s7f6746x:latest/confusion_matrix_table.table.json"},"best_loss":0.3104131519794464,"threshold":0.33514578692066993,"final_loss":0.3104586601257324,"threshold_percentile":90,"learning_rate":0.01,"latent_dim":8,"_runtime":51}