{"_runtime":14,"loss":0.10793580114841461,"sample_count":22580,"final_auc":0.654947402064189,"_wandb":{"runtime":14},"best_epoch":10,"_timestamp":1.7514452564551344e+09,"feature_strategy":"combined","recall":0.22146507666098808,"fraud_ratio":0.05199291408325952,"precision":0.23029229406554472,"_step":12,"confusion_matrix_table":{"nrows":4,"_latest_artifact_path":"wandb-client-artifact://jmng91k5kwfsxu7pyz8b4yo96msoxtusnl1x9ir1r931k5t1v4sezji455dlv10q9481qv6f52z530hh5uqqeerb57unnixp44sewg8wqjiv543e25s0h412okjbhbjb:latest/confusion_matrix_table.table.json","artifact_path":"wandb-client-artifact://aqcaxoop2x7v829jo2yeddl4265hg59dvjj0qdaqdbsztp34bqdwfhp5wa3ai36skjlov58p571iqoaeam471pvc1phsbctg1dukib3nli1pinz10jfb0p9orq0u43dl/confusion_matrix_table.table.json","path":"media/table/confusion_matrix_table_2_da57bfb7f320ad870368.table.json","size":188,"log_mode":"IMMUTABLE","sha256":"da57bfb7f320ad870368f34d3ea002fd3c5db9ce37c87c808693c275c9917523","ncols":3,"_type":"table-file"},"val_loss":0.02285468392074108,"feature_count":11,"epoch":9,"threshold":0.05713846806831672}