{"_wandb":{"runtime":64},"feature_strategy":"combined","_runtime":64,"confusion_matrix_table":{"size":188,"_latest_artifact_path":"wandb-client-artifact://m1wl2speghyp7w4tqyv409spsn0u33hmhbjmstpq35bjbd1gglk33vw12ig07559zckelc44o0zax5ms6x51wq1ws7otyrvbbmzltw6xg27927ppwx0nu2uxefk0ztrq:latest/confusion_matrix_table.table.json","artifact_path":"wandb-client-artifact://qkmsv8ha4ci3l44yfn90271tcgukdzz1v9ssl75vz880of2w2yxdjjrxa6wczjannsfsie02q60lqlg4uk7kojr75ozzlivgmf7qq6ctkw9l4uhjdywp38st9qx3qizo/confusion_matrix_table.table.json","ncols":3,"log_mode":"IMMUTABLE","nrows":4,"path":"media/table/confusion_matrix_table_2_875426c71f7a5002a070.table.json","sha256":"875426c71f7a5002a070fdb8085b0b8b03bd3932806ef0a4b10fda991b7dad2e","_type":"table-file"},"final_sweep":true,"_timestamp":1.7522163383400376e+09,"fraud_ratio":0.05199291408325952,"_step":2,"best_loss":0.30948886275291443,"feature_count":38,"final_auc":0.6886996210682066,"threshold":0.45263176372978536,"final_loss":0.30948886275291443,"recall":0.24872231686541738,"sample_count":22580,"threshold_percentile":95,"learning_rate":0.008,"precision":0.25863596102745795,"total_epochs":14,"best_epoch":13}