{"sample_count":22580,"learning_rate":0.015,"threshold_percentile":97,"precision":0.33185840707964603,"threshold":0.6950385624278851,"confusion_matrix_table":{"_type":"table-file","path":"media/table/confusion_matrix_table_2_84e7d60dac3069492bda.table.json","ncols":3,"_latest_artifact_path":"wandb-client-artifact://xcqnntj0tzpcqslms8fm97ouhhpl5ajuv5myw55fu3hpwliy2zozjv19j9t758b003ftuepbzf5w1zhtjshstwploy7ua3hfx4mstoui43qxjwoicrwyryeuxgpn3hks:latest/confusion_matrix_table.table.json","artifact_path":"wandb-client-artifact://qclhn8lo0xvuw7u509574onoobfjoc36a37vrpchy58yhjljf6k28u0j17ep2jfmkfvx0agzvadp1y03p7bq3s2wiscgmvi2c7oq2ermi6o3zq4ro19xoi2oav2gqsg7/confusion_matrix_table.table.json","log_mode":"IMMUTABLE","sha256":"84e7d60dac3069492bda2b58ad397568f5045925780a758410c8edf2d63513db","size":188,"nrows":4},"_wandb":{"runtime":66},"best_epoch":15,"total_epochs":16,"_timestamp":1.7522696543813646e+09,"final_sweep":true,"feature_count":38,"_runtime":66,"feature_strategy":"combined","recall":0.19165247018739354,"final_loss":0.3113403618335724,"best_loss":0.3113403618335724,"_step":2,"final_auc":0.7107713196685289,"fraud_ratio":0.05199291408325952}