{"final_sweep":true,"_wandb":{"runtime":48},"best_loss":0.34991854429244995,"final_auc":0.7145874972404209,"sample_count":22580,"_timestamp":1.7522151250226824e+09,"final_loss":0.34991854429244995,"confusion_matrix_table":{"path":"media/table/confusion_matrix_table_2_34397afd0eb0923ff636.table.json","artifact_path":"wandb-client-artifact://ka0931pra3bmhheuhvfhj40mat0o16zdjtfcrsio3b2zaq5vpczeyfm8fmbthntna4unv5u7ubr1rtm4xd3rnieu2l89p2pqyighw15q487z6av26vyw63gqafk6irop/confusion_matrix_table.table.json","log_mode":"IMMUTABLE","nrows":4,"ncols":3,"_type":"table-file","sha256":"34397afd0eb0923ff6365223d4563826e5f83351d301b7113367b5d4b80fa516","size":189,"_latest_artifact_path":"wandb-client-artifact://7eqb2fkth2hynzp708g6uzd0mp4lutak334wd77ha61tupps2u5o2y4znhfcaof7w7u3elv2u4g7cvxc0539erv83va9doh7c7qemkq5r4esbq2aovvq5eh4kc14d359:latest/confusion_matrix_table.table.json"},"recall":0.3100511073253833,"total_epochs":15,"precision":0.2014388489208633,"best_epoch":14,"_step":2,"fraud_ratio":0.05199291408325952,"threshold_percentile":92,"learning_rate":0.005,"feature_strategy":"combined","_runtime":48,"feature_count":38,"threshold":0.41917973393475827}