{"_runtime":50,"feature_strategy":"combined","threshold":1.5933450704225405,"final_loss":0.3159251809120178,"best_epoch":12,"total_epochs":14,"_wandb":{"runtime":50},"fraud_ratio":0.05199291408325952,"final_auc":0.7022800529902855,"feature_count":38,"final_sweep":true,"threshold_percentile":99,"confusion_matrix_table":{"_type":"table-file","sha256":"912f4016095c1303d41542a7c3ca996ef832d677daf70fd560743acff107d1ee","nrows":4,"path":"media/table/confusion_matrix_table_2_912f4016095c1303d415.table.json","artifact_path":"wandb-client-artifact://p0wt5a263jhfx7t3ghtsd24h64ukxv7mi8xcpm0ajmmkbu1aapxyairiw72yfos64z94ktc9ez7fyvzbrrvjlfc8htekpifw151z98glx309q90x5apwc3bl31oi1hi0/confusion_matrix_table.table.json","_latest_artifact_path":"wandb-client-artifact://ojjcoy60e9p6jpotxev2dalacjt4w9qqcg6aaf09unfsj6kd1mjzmv4ftg6p2cgi9x3419z7e8t54gptvgh37frcr0dw7lauqm0jygfhgn6gkixv8ibk2ru7gqjscm4o:latest/confusion_matrix_table.table.json","log_mode":"IMMUTABLE","ncols":3,"size":188},"_timestamp":1.7522669987497194e+09,"best_loss":0.315029114484787,"_step":2,"recall":0.11754684838160136,"sample_count":22580,"precision":0.6106194690265486,"learning_rate":0.005}