{"feature_strategy":"combined","best_loss":0.304586797952652,"final_loss":0.3070002496242523,"threshold_percentile":92,"sample_count":22580,"final_sweep":true,"best_epoch":16,"fraud_ratio":0.05199291408325952,"_runtime":74,"feature_count":38,"_step":2,"_timestamp":1.7522165772676864e+09,"threshold":0.3222958004326592,"confusion_matrix_table":{"sha256":"a3d84c3e7f4354fd5c84ac3ffc76d5d4d2d540be597355e6955862e09b389158","_latest_artifact_path":"wandb-client-artifact://k73wlk5yc2eplang1o62kxoeiruz34vrhhj5rcun98q28dam9m2xacqctlydogzghq2xahxnz90go2sk79qsylk4pmgb2zec72z11ndq1arusgrmj5gc32uqb6wwip8a:latest/confusion_matrix_table.table.json","nrows":4,"path":"media/table/confusion_matrix_table_2_a3d84c3e7f4354fd5c84.table.json","artifact_path":"wandb-client-artifact://3m2njipgy7xtyxk7mwh9umw43cr1wgd8jysuwe120uqvpt5qafgi3j7qhq9tws90mpgpm6ilvtribd03tb03l5td9c21cy7i3qw1h6bzymrolkpwcd2s08bkju53w4b5/confusion_matrix_table.table.json","log_mode":"IMMUTABLE","ncols":3,"size":189,"_type":"table-file"},"precision":0.20033204205866076,"total_epochs":18,"final_auc":0.7010786910196173,"recall":0.3083475298126065,"learning_rate":0.012,"_wandb":{"runtime":74}}