{"total_epochs":16,"learning_rate":0.005,"precision":0.3702064896755162,"confusion_matrix_table":{"sha256":"24373705e77344372a431b28d54d4f406f93bb68a0fa092d4b1e51a298b5e975","path":"media/table/confusion_matrix_table_2_24373705e77344372a43.table.json","ncols":3,"artifact_path":"wandb-client-artifact://czbnfxam0j4rq2kv34ern4s18p4ip5j226t2m2ac164kx6h2aucxk7jtxaighzrtpurufsdwdjx473ubba3rss3k3o0qn8cm0rllib5tpwlh67tbuwn02fyvp5rfvr8y/confusion_matrix_table.table.json","size":188,"_type":"table-file","log_mode":"IMMUTABLE","_latest_artifact_path":"wandb-client-artifact://5lb7g98bey8lkq1c0g6o8x7mjhjxyxadb9h9utyun336omvpnug54465qniet0z3smfp9evyeqxegxj2fr41m9by2bcltj6hcs28migdza36gna73b3bovukzt93kjbh:latest/confusion_matrix_table.table.json","nrows":4},"_wandb":{"runtime":64},"feature_count":38,"best_loss":0.30754438042640686,"best_epoch":15,"threshold":0.7576207785540171,"recall":0.21379897785349233,"fraud_ratio":0.05199291408325952,"_runtime":64,"threshold_percentile":97,"final_auc":0.710239976341235,"final_sweep":true,"feature_strategy":"combined","_step":2,"_timestamp":1.7522686047044015e+09,"sample_count":22580,"final_loss":0.30754438042640686}