{"precision":0.2047244094488189,"recall":0.2157676348547718,"summary/best_precision":0.22259136212624583,"feature_count":39,"combination_name":"baseline_numeric+categorical+rank_encoding+time_interactions+combined","summary/best_f1_score":0.24907063197026022,"new_features":24,"features_base":15,"summary/best_combination":["baseline_numeric","categorical","behavioral","fraud_flags","rank_encoding"],"fraud_rate":0.05199291408325952,"_runtime":4005,"summary/best_recall":0.28270042194092826,"_timestamp":1.7520423537365434e+09,"summary/successful_combinations":84,"progress_percentage":100,"f1_score":0.2101010101010101,"combo_size":5,"progress_completed":84,"summary/std_accuracy":0.0037178617257228198,"threshold":0.44279352969811236,"training_time_seconds":51.331517934799194,"summary/mean_recall":0.22846400496224537,"accuracy":0.9134189548272807,"summary/mean_f1_score":0.21283919645670998,"data/transactions_total":22580,"summary/mean_accuracy":0.9105851153570376,"progress_total":84,"_wandb":{"runtime":4005},"summary/best_roc_auc":0.7342403239054829,"summary/total_time_minutes":66.73831151326497,"summary/mean_precision":0.1997994656594703,"summary/std_roc_auc":0.02847657917754902,"roc_auc":0.7091213510955813,"summary/total_combinations":84,"summary/mean_roc_auc":0.6863036021161231,"_step":85,"summary/best_accuracy":0.9105403011514615}