{"final_auc":0.6597169973041679,"precision":0.23117803365810452,"best_epoch":10,"threshold":0.053373522909994,"feature_count":10,"confusion_matrix_table":{"artifact_path":"wandb-client-artifact://djxmxuxowmkabnshye52eneejn6mjg54auhu4oatw8371s1gehsci9wo0jucnjr3g17kfmmtlwq778ycs34hatbk5wh99u9tbj9fq7hx2gqzk0spolscdze9db5eo2rt/confusion_matrix_table.table.json","size":188,"log_mode":"IMMUTABLE","path":"media/table/confusion_matrix_table_2_d3324b946b9373117376.table.json","nrows":4,"ncols":3,"_type":"table-file","sha256":"d3324b946b9373117376acfb09746a998b7a76b61f185c44d79e55b954e0d886","_latest_artifact_path":"wandb-client-artifact://2fhyqut5ofcncgxd61ru1rdrzxo7fgv5r98pz0a3dhwq3njuyhjsj656ck77280vyy05rzu7cxstdel4pi63bh0bav302vw6v63q2oscirkm41v5hfzhmq1o9fiqyxd6:latest/confusion_matrix_table.table.json"},"recall":0.2223168654173765,"_wandb":{"runtime":13},"feature_strategy":"behavioural","sample_count":22580,"epoch":9,"_timestamp":1.7514452285642993e+09,"loss":0.1095036044716835,"val_loss":0.024978991597890854,"_step":12,"_runtime":13,"fraud_ratio":0.05199291408325952}