{"sample_count":22580,"loss":0.10840577632188797,"_step":12,"_wandb":{"runtime":14},"precision":0.23029229406554472,"final_auc":0.6533084866428414,"threshold":0.05246510350499711,"epoch":9,"_runtime":14,"fraud_ratio":0.05199291408325952,"recall":0.22146507666098808,"feature_count":10,"val_loss":0.020904893055558205,"feature_strategy":"behavioural","confusion_matrix_table":{"artifact_path":"wandb-client-artifact://92wbc7752jt0pyjuol7fcs53tbxl0xwv5qnq24tjrr6u521z24j2y0ewlnawxhcx9vv8dp2v2prdzzvy4p3r0ahsuh4mcybn36aihknjcan968glqv9z40uvr45flick/confusion_matrix_table.table.json","_type":"table-file","size":188,"_latest_artifact_path":"wandb-client-artifact://7ohbaw48fwx4j3zgrzr9rtoq1tw16d3id1ykysn4vllegx7ic6et6u9wp66nql22nuky5p1yxrimljt0p8idczzt9h5gx9qw5mumpxyeg1ukyagivrzuzkl680lfm5ki:latest/confusion_matrix_table.table.json","path":"media/table/confusion_matrix_table_2_da57bfb7f320ad870368.table.json","nrows":4,"log_mode":"IMMUTABLE","sha256":"da57bfb7f320ad870368f34d3ea002fd3c5db9ce37c87c808693c275c9917523","ncols":3},"_timestamp":1.7514277408627665e+09,"best_epoch":10}