{"final_auc":0.7351357569666738,"_runtime":68,"_wandb":{"runtime":68},"threshold_percentile":97,"final_loss":0.31167373061180115,"best_epoch":21,"feature_strategy":"combined","recall":0.22657580919931858,"_step":2,"_timestamp":1.752218851259496e+09,"total_epochs":25,"sample_count":22580,"fraud_ratio":0.05199291408325952,"best_loss":0.3101451098918915,"precision":0.39233038348082594,"learning_rate":0.012,"confusion_matrix_table":{"path":"media/table/confusion_matrix_table_2_385b877d709cf28a2544.table.json","_type":"table-file","sha256":"385b877d709cf28a25449107cb7b4e1aecbf7d6602faed6c12a4ae5b325603c6","size":188,"artifact_path":"wandb-client-artifact://z33oi55qfk179owt6t1q3i4jznbuu45q5valvl53xij6jb5n447h92sr142eidickkr3co9bayyn7nxoj237fanqa7r7bpupd3km8pjzfifwe3ts50gjzm6tts3cxhd7/confusion_matrix_table.table.json","_latest_artifact_path":"wandb-client-artifact://7u8gqihdygxjws3rusfkafwu3wh4g3ekakv60kh7i15cy02kupyvfr6dkujhnplx8sadfqpib4grra35cfbvyaui6lm4tm1rm275ztyhx5wzei5tmgfz2aiflvwk0xjn:latest/confusion_matrix_table.table.json","nrows":4,"ncols":3,"log_mode":"IMMUTABLE"},"feature_count":38,"final_sweep":true,"threshold":0.9204771053470514}