{"confusion_matrix_table":{"nrows":4,"ncols":3,"log_mode":"IMMUTABLE","sha256":"6e1aac2178643cc4bc962ce0473dccba493e877e7ebac18bbd4f75d0644a02b4","path":"media/table/confusion_matrix_table_2_6e1aac2178643cc4bc96.table.json","size":188,"artifact_path":"wandb-client-artifact://uig2l3qz4we3pn2tpdg67blpajplqa5sr3uu4dj7j0f6fs5werp49gtcujk8tipte3071j8yecw2wnps7ipv3kep8b8o9v6yidzrfg43yy5isfbwprj51uq5tos5lg7t/confusion_matrix_table.table.json","_latest_artifact_path":"wandb-client-artifact://jhrmqaqd5t6mue8ll7efowk685o2ysszua5acr8tikzs0qofed1zhaovm8pzxnz6m0hd042ltq9a4ypyqcw9k9mc9d2247znsbxuv0dkfbn2nxq3u0glw5qq1cgggaac:latest/confusion_matrix_table.table.json","_type":"table-file"},"feature_strategy":"temporal","feature_count":10,"_wandb":{"runtime":14},"_step":12,"epoch":9,"sample_count":22580,"threshold":0.05532696510891712,"_timestamp":1.7514343079617388e+09,"_runtime":14,"best_epoch":10,"final_auc":0.6254903774053702,"val_loss":0.023485012352466583,"fraud_ratio":0.05199291408325952,"recall":0.18143100511073254,"loss":0.11722475290298462,"precision":0.1886625332152347}