{"feature_strategy":"combined","_timestamp":1.7514488767870998e+09,"_wandb":{"runtime":15},"confusion_matrix_table":{"log_mode":"IMMUTABLE","_type":"table-file","size":188,"path":"media/table/confusion_matrix_table_2_51db54ec6212e345f3b5.table.json","artifact_path":"wandb-client-artifact://y4ouvkh5dl47salvotvkr8loxvse0f26veilog4lf4jcvvwovj0sl1d4hzwq68sx4tf5p4lfewsivf8mfmhr1qb70zqfh3j09bcptdagp4710m4f5nlg6uq9o083vsa3/confusion_matrix_table.table.json","_latest_artifact_path":"wandb-client-artifact://6qed8m7u9f2slbi2w246t00bm8vp8p6oenatjt060y33wn59ujfb5vdp9ttul6r9mytjn1lsch6tekcr2mm2fgqkzfe87qy32sb9qndgebrldf63c2n3dvo0ea1y3dre:latest/confusion_matrix_table.table.json","ncols":3,"nrows":4,"sha256":"51db54ec6212e345f3b56cd6b288f1b560e614d322bf5c15ea867669a0adc934"},"precision":0.20106288751107174,"epoch":9,"sample_count":22580,"_step":12,"threshold":0.11096503470280777,"final_auc":0.628550227363851,"loss":0.12777119874954224,"val_loss":0.04295557737350464,"feature_count":11,"best_epoch":10,"fraud_ratio":0.05199291408325952,"recall":0.19335604770017037,"_runtime":15}