{"best_loss":0.32469630241394043,"_runtime":56,"_wandb":{"runtime":56},"_timestamp":1.7522169822738402e+09,"learning_rate":0.012,"final_sweep":true,"best_epoch":10,"final_loss":0.32469630241394043,"feature_strategy":"combined","fraud_ratio":0.05199291408325952,"_step":2,"threshold":0.4437370875862876,"final_auc":0.6995729596105854,"recall":0.2981260647359455,"threshold_percentile":93,"total_epochs":11,"confusion_matrix_table":{"_type":"table-file","artifact_path":"wandb-client-artifact://fu9eq7r2b8vxn70pn4vc4cv2b3ja0givmcag5ogwnzh2j0bct96uppros4dexl4tbgebkjwcwco11vh31q28ce7a1kecla1jz10ze8cd8ylmf8z6we6nf719loua39cm/confusion_matrix_table.table.json","ncols":3,"size":189,"_latest_artifact_path":"wandb-client-artifact://9tfsb4v3jtzjptbgwhbcgv40j0g08ub3dc0nbqdhd57ajqzg3otjv2ww8x3jgvkk2rasaogxliqtf5made9dweowx7713ft3e3gtf4yjsmgcy2s7mm1lgddhykr56l2x:latest/confusion_matrix_table.table.json","path":"media/table/confusion_matrix_table_2_346eae61c408122815d4.table.json","nrows":4,"log_mode":"IMMUTABLE","sha256":"346eae61c408122815d40c16c8b8bd39337a3bf2f652aa56b1ed34ca38eebd32"},"sample_count":22580,"precision":0.22137887413029728,"feature_count":38}