{"_step":2,"_runtime":58,"best_epoch":11,"fraud_ratio":0.05199291408325952,"confusion_matrix_table":{"log_mode":"IMMUTABLE","sha256":"24373705e77344372a431b28d54d4f406f93bb68a0fa092d4b1e51a298b5e975","artifact_path":"wandb-client-artifact://84z4p88rmij636jziz32mrunbhw5ef67fry00hxsi4111fp2qy6z0pphq26j83ai4em7bvqddsbdbvx3q3g2yxou36b6c1l043qrr7wmxusvl022ps3gy58nvhdnef2y/confusion_matrix_table.table.json","_latest_artifact_path":"wandb-client-artifact://8c1o8siesdhi6auzysbutuvee7oi2r8mko9yudf0j5u31hxnd9z4ne2matjkenlavyaejpgow3b0aatpn6342rknrn31bbukfmkjth8s1d2totovaxq9kqwxl72wfv41:latest/confusion_matrix_table.table.json","path":"media/table/confusion_matrix_table_2_24373705e77344372a43.table.json","ncols":3,"_type":"table-file","nrows":4,"size":188},"recall":0.21379897785349233,"total_epochs":12,"_wandb":{"runtime":58},"sample_count":22580,"precision":0.3702064896755162,"feature_count":38,"final_loss":0.3448358476161957,"final_auc":0.7241533881901315,"final_sweep":true,"threshold_percentile":97,"learning_rate":0.015,"best_loss":0.3448358476161957,"_timestamp":1.752268194031367e+09,"threshold":0.8251472412057625,"feature_strategy":"combined"}