{"threshold_percentile":94,"recall":0.2717206132879046,"threshold":0.4256971836789069,"precision":0.23542435424354244,"final_sweep":true,"confusion_matrix_table":{"artifact_path":"wandb-client-artifact://c5m614yxv0jcpmg0c4j8m6izc9jurz9gomddaqvwn66pjxwsgjl9ywvv9mafvl58n6pjbmpjmzetwrjeyuav89wmxi4ema0m6sdey07dd2fw6jyluq8vxqxyaxdrqa4e/confusion_matrix_table.table.json","nrows":4,"log_mode":"IMMUTABLE","_type":"table-file","size":189,"ncols":3,"path":"media/table/confusion_matrix_table_2_e278c33531a5f63138ca.table.json","sha256":"e278c33531a5f63138ca329681a567e29eaa7babbea54069941ea790e526cbc6","_latest_artifact_path":"wandb-client-artifact://i6z8al510m5a3mx4x9urphi80alxj6kf39grwltkzd5xnishz1tjz576p9j7dcx95wnkuwmdl07yj9vigbnzl1qq0680sis9w0odr53we8i8puhdswnbge7cr1vkypja:latest/confusion_matrix_table.table.json"},"total_epochs":12,"best_epoch":10,"learning_rate":0.005,"_timestamp":1.7522151681259224e+09,"feature_strategy":"combined","sample_count":22580,"_wandb":{"runtime":38},"_step":2,"_runtime":38,"final_loss":0.34992313385009766,"final_auc":0.6951001733182803,"best_loss":0.3476893901824951,"feature_count":38,"fraud_ratio":0.05199291408325952}