{"sample_count":22580,"fraud_ratio":0.05199291408325952,"_wandb":{"runtime":14},"_runtime":14,"feature_strategy":"baseline","_timestamp":1.7514254901325805e+09,"_step":0,"feature_count":9}