{"feature_count":38,"_runtime":39,"sample_count":22580,"confusion_matrix_table":{"nrows":4,"_latest_artifact_path":"wandb-client-artifact://tjos7ez947yk7sb1rjkpmyzu7ysf8w2e8b3rcgk4q03fmj6z97oqsptcxdjf4c7km021f1sxinrrvfjbqagwri71hg9n1657za46hjobe0lnabr16na5ojx8zkm57odm:latest/confusion_matrix_table.table.json","size":188,"sha256":"879e82642e648daa19cb276d2957875d724f8920d7b003145addf282b6e77fae","ncols":3,"_type":"table-file","log_mode":"IMMUTABLE","artifact_path":"wandb-client-artifact://mf6txzzycwvbsourbwn5ui3co1q4140halal7fokeathkvgsino61aa9sadl11nzhgy9j7880yoyge4berrbqzs4mqtj8hzw113jzj030yda9he4f1oidibmtxunr56d/confusion_matrix_table.table.json","path":"media/table/confusion_matrix_table_2_879e82642e648daa19cb.table.json"},"_step":2,"feature_strategy":"combined","threshold":0.528610659718667,"threshold_percentile":96,"recall":0.23764906303236796,"total_epochs":11,"_timestamp":1.752215266108462e+09,"fraud_ratio":0.05199291408325952,"best_loss":0.34485989809036255,"learning_rate":0.005,"_wandb":{"runtime":39},"best_epoch":9,"final_sweep":true,"final_loss":0.3518392741680145,"precision":0.3086283185840708,"final_auc":0.6966936064193181}