{"feature_count":38,"_wandb":{"runtime":51},"total_epochs":16,"learning_rate":0.01,"_timestamp":1.7522185759534016e+09,"final_auc":0.6868739615268117,"sample_count":22580,"feature_strategy":"combined","recall":0.11243611584327087,"precision":0.584070796460177,"threshold_percentile":99,"_runtime":51,"best_loss":0.3084535300731659,"final_sweep":true,"fraud_ratio":0.05199291408325952,"threshold":1.3950990406167205,"confusion_matrix_table":{"ncols":3,"sha256":"2f54a42d96aea325f2dde57362f02059006d05d6cd4e23af08ede38b6e3f9bd1","nrows":4,"log_mode":"IMMUTABLE","size":188,"path":"media/table/confusion_matrix_table_2_2f54a42d96aea325f2dd.table.json","_latest_artifact_path":"wandb-client-artifact://ihhrz1elcujay2qu7bgv4qih7v36hrc66ro7pd08d4askfpkc509bg4i3poo21zpwbpok9584yztl65upv617tnll3javqx2b11zi2a8peshzre0bdxl5dqb2a5vqwq1:latest/confusion_matrix_table.table.json","artifact_path":"wandb-client-artifact://iyxj7wrwg0gvmnuj27wv7q9atcafrogm4sd389e8y3rlir4fvhuvdtefm5rsz9kv55c00crlrnla0m4ke393jtqi0jyl8jptryljxvspymiuo65dx6q4f3dmtgy4kdv0/confusion_matrix_table.table.json","_type":"table-file"},"final_loss":0.3124258816242218,"best_epoch":13,"_step":2}