{"best_epoch":16,"_runtime":54,"fraud_ratio":0.05199291408325952,"final_auc":0.695938591943764,"confusion_matrix_table":{"sha256":"8d1d6fb08d9428418144f6f4921561bed06d1b9de9be9cecfdc6f2256510fc93","ncols":3,"path":"media/table/confusion_matrix_table_2_8d1d6fb08d9428418144.table.json","nrows":4,"size":189,"artifact_path":"wandb-client-artifact://03lu1c6e76udu0ejnauytq4e78729sunesovvic0ofe1f0ayi4yb0h7yfitofra9acy4sohuprt6b1tcgqsi27pysu6vjjpe27gowir48nlh5v2n3jd719g0t3if6h3j/confusion_matrix_table.table.json","_type":"table-file","log_mode":"IMMUTABLE","_latest_artifact_path":"wandb-client-artifact://erpdet4mxtqyq18t9p4pa50zauusz2nevema34y1ceubpk1hzh6a8tohznznuo92ah4fsevhw62h1ze8bqhjb06ptc7xbnbalqlmmjiqbx53hvcqw5eftqi3a4b9o4xi:latest/confusion_matrix_table.table.json"},"best_loss":0.3130866289138794,"final_loss":0.3130866289138794,"learning_rate":0.01,"threshold_percentile":93,"_wandb":{"runtime":54},"_timestamp":1.7522184216209981e+09,"final_sweep":true,"recall":0.29045996592844975,"_step":2,"total_epochs":17,"precision":0.21568627450980393,"sample_count":22580,"threshold":0.4210770893352742,"feature_count":38,"feature_strategy":"combined"}