{"confusion_matrix_table":{"sha256":"694ef2a44518f45c0840a989bac4d953415ec8474f45ba408166084cef7111aa","path":"media/table/confusion_matrix_table_2_694ef2a44518f45c0840.table.json","nrows":4,"_latest_artifact_path":"wandb-client-artifact://s38i6pe9iaikpzguotazuzp18mdgzte73m1x3v4d7f79ca5ayonn2t48hw6zol2g58ai1wkgnb3t8z7pripajnqky0n084x8o8iilfli5soh49gfo0jlt07w2obe3hjj:latest/confusion_matrix_table.table.json","ncols":3,"size":189,"log_mode":"IMMUTABLE","_type":"table-file","artifact_path":"wandb-client-artifact://aelpedinw2p4motftlcyz9v1vajd3sa6uz2fsybefat5s8w916r1jw9kp8fqtzmktvop44us1kdjvtfwk6dxsh7bdza5oa402twymwwcz0qzd9k1x9yg1u7uvu58hkop/confusion_matrix_table.table.json"},"total_epochs":17,"threshold_percentile":91,"learning_rate":0.005,"fraud_ratio":0.05199291408325952,"_step":2,"final_sweep":true,"feature_strategy":"combined","feature_count":38,"sample_count":22580,"best_epoch":15,"final_loss":0.3031991422176361,"final_auc":0.7301046085408714,"_wandb":{"runtime":51},"_timestamp":1.752217775766467e+09,"_runtime":51,"precision":0.1957697983275947,"best_loss":0.30241960287094116,"recall":0.3390119250425894,"threshold":0.42934453885187196}