{"learning_rate":0.012,"feature_count":38,"best_loss":0.3147452175617218,"_wandb":{"runtime":67},"threshold":1.1425886082982677,"sample_count":22580,"best_epoch":15,"threshold_percentile":97,"final_auc":0.740474299027116,"fraud_ratio":0.05199291408325952,"final_sweep":true,"precision":0.37315634218289084,"final_loss":0.3147452175617218,"confusion_matrix_table":{"sha256":"820528049dfd0561a014290c2f0b1829cb5af38ab81d648e232e5f0ae7694e64","size":188,"path":"media/table/confusion_matrix_table_2_820528049dfd0561a014.table.json","_type":"table-file","nrows":4,"log_mode":"IMMUTABLE","_latest_artifact_path":"wandb-client-artifact://y0nqqoqwnknewegyg5nq0c5t8zegkgs367xruvm7urix5o4o45zmg9079m7gmarhh9c6x7088uks31nalh262592ss6hcnm4wtnihpsm9joq11za9c4t85ryzb583a6r:latest/confusion_matrix_table.table.json","artifact_path":"wandb-client-artifact://0977d911q1q6d32tzq2b68pjjzqbdcq5w3qvb9e4mxqzbhtc4wkvg96hkdxx16290sev3bymody39p803i4udkjd2vgdvblpu9hubv5dhsfpisf34ksblemwb2n06g47/confusion_matrix_table.table.json","ncols":3},"_timestamp":1.752217125128417e+09,"total_epochs":16,"_step":2,"_runtime":67,"recall":0.21550255536626917,"feature_strategy":"combined"}