{"feature_count":11,"_runtime":16,"_step":12,"fraud_ratio":0.05199291408325952,"loss":0.10906047374010086,"_wandb":{"runtime":16},"best_epoch":10,"epoch":9,"_timestamp":1.7514277676415007e+09,"feature_strategy":"combined","precision":0.21966341895482727,"threshold":0.04392535727860377,"final_auc":0.6365029483526168,"recall":0.21124361158432708,"sample_count":22580,"val_loss":0.018185073509812355,"confusion_matrix_table":{"nrows":4,"_type":"table-file","path":"media/table/confusion_matrix_table_2_5650f5dd643ec786579e.table.json","log_mode":"IMMUTABLE","sha256":"5650f5dd643ec786579e0b6b45345e3e383205475a189c79e273a75213b0bc8d","_latest_artifact_path":"wandb-client-artifact://x8yqy2672a9ks7zlelbf1r5r2tc03yvrcrhw62ynhlodr8s99nrbhamhz9niir8ycobz9xheg2py0swmmdnr81k9wkkqk9tq37z7jgg9urqt2aux4ov7y091cme1kj2y:latest/confusion_matrix_table.table.json","size":188,"artifact_path":"wandb-client-artifact://rtlblyasbxch590r039oa39whthperze5nefrcj965bney9esw1q3b7a0gn3i8pm7menx160cwhyfeyio6xlf8b1n4jtz379rtik6n9var2h6z7fxgf9dleg504xtlqb/confusion_matrix_table.table.json","ncols":3}}