{"_timestamp":1.7514488299933295e+09,"confusion_matrix_table":{"nrows":4,"_type":"table-file","path":"media/table/confusion_matrix_table_2_a35255d1fc175b0272f4.table.json","log_mode":"IMMUTABLE","_latest_artifact_path":"wandb-client-artifact://s3uqjv4yznh1q0lfyip091jkdi6yf27wi673h5rh532wxgj5crec4lcbmhthubih4koqpy09zttswg3m8ooldp50wxjjekbk5vwubfkaw1yl9z91sluphr1fdznh7xtm:latest/confusion_matrix_table.table.json","ncols":3,"sha256":"a35255d1fc175b0272f4a002a3149dee9d813819fe77550ef514d6825ae7048b","size":188,"artifact_path":"wandb-client-artifact://h9tku9s7f7uiuympku9skxcn09hqev695kpzzn7hcipek2tcs2mnbuhun9zo4nc20czt00apnssalbdoqq4ha3mjef9vkeiuz4dmotdlnoc9yq9dxqhoyltuebfi76sq/confusion_matrix_table.table.json"},"epoch":9,"val_loss":0.04517333209514618,"recall":0.2061328790459966,"feature_strategy":"temporal","_runtime":14,"threshold":0.09053725029309267,"sample_count":22580,"fraud_ratio":0.05199291408325952,"feature_count":10,"final_auc":0.6407762172748139,"best_epoch":10,"_step":12,"loss":0.13148553669452667,"precision":0.21434898139946856,"_wandb":{"runtime":14}}