{"_wandb":{"runtime":45},"final_auc":0.705183997672324,"_step":2,"precision":0.25155004428697963,"total_epochs":11,"final_loss":0.37411221861839294,"final_sweep":true,"best_loss":0.36199530959129333,"confusion_matrix_table":{"path":"media/table/confusion_matrix_table_2_16d4c6ae0f2616365673.table.json","ncols":3,"nrows":4,"size":188,"_type":"table-file","log_mode":"IMMUTABLE","_latest_artifact_path":"wandb-client-artifact://9a1zvx27pv3fvyrcir2a9u6nw11rbfehb9pel6bhav31t0p45fkarlz7d0ej8odazuh5crpxl37dbn5jb0eutqjmz24kf4ylp80t7ynvec7iqn0r6o9aef3tyrzn0tlt:latest/confusion_matrix_table.table.json","artifact_path":"wandb-client-artifact://buemf7dikpsh24roso5bmd7mr62e0tfj71gseltxi7cd6sxrqpauxib0y3gvmls23dr9a1r53eit09dbdwdg7uhtnkvofsiwui3naoyz39cgl32ddl8n675n8rji9jv3/confusion_matrix_table.table.json","sha256":"16d4c6ae0f26163656738d695e0bea6c4d4ed8a503451a27e17e08963d59df65"},"_runtime":45,"best_epoch":9,"fraud_ratio":0.05199291408325952,"_timestamp":1.7522562250224476e+09,"learning_rate":0.012,"threshold_percentile":95,"sample_count":22580,"feature_count":38,"feature_strategy":"combined","recall":0.24190800681431004,"threshold":0.6505681447634408}