{"recall":0.32367972742759793,"feature_count":38,"final_sweep":true,"learning_rate":0.012,"best_loss":0.350346177816391,"_wandb":{"runtime":52},"feature_strategy":"combined","sample_count":22580,"total_epochs":11,"_timestamp":1.752269530424064e+09,"threshold":0.3892589758341906,"_runtime":52,"_step":2,"final_auc":0.7132962450146522,"threshold_percentile":91,"fraud_ratio":0.05199291408325952,"confusion_matrix_table":{"path":"media/table/confusion_matrix_table_2_fbe628eafd530a9b54fe.table.json","ncols":3,"nrows":4,"size":189,"artifact_path":"wandb-client-artifact://u6g3dc9vkr3mq06ai5nz0l95oxmdsw3xzd6nf8u1qbgx53gfblsazjr72hykp626qogkkzhj503rh2igygqrh9w0f4rl873e3m12qsr4wqke1zzgx9z7g18gsde0tzy0/confusion_matrix_table.table.json","sha256":"fbe628eafd530a9b54fe42f77cae93d6b0379245dfe1a56430d9ca8ebe358cc5","_type":"table-file","log_mode":"IMMUTABLE","_latest_artifact_path":"wandb-client-artifact://9csmyboeahiefrcil6s9gjnmiumbz0l0mh3hsl07bsbzgd4g53s7dulh1djv6053zk46ckuf5fhafad4b56kwf7teh9gb1d7b6oj3evlaefirysgh6khy1u9vnfl6ey5:latest/confusion_matrix_table.table.json"},"precision":0.18691588785046728,"final_loss":0.350346177816391,"best_epoch":10}