{"_timestamp":1.7514555378539777e+09,"feature_count":9,"best_epoch":10,"val_loss":0.02359764464199543,"_runtime":16,"precision":0.19929140832595216,"confusion_matrix_table":{"_latest_artifact_path":"wandb-client-artifact://15t0fu0jrrcmxcq2a6eg9s9uay63ob8jrqlv76uy1fw33lx5g4pqmr7ifi77kad4qa3r7qdo48dqxfhhrvrprmhfx1e10qd0rjd1yuu5bdb7ahzds3r46ekl42269aiq:latest/confusion_matrix_table.table.json","nrows":4,"_type":"table-file","size":188,"sha256":"f72fe9581073948959593448e6f4bc1e57e68043a647d253d3e0c249d2bd3ca1","path":"media/table/confusion_matrix_table_2_f72fe958107394895959.table.json","ncols":3,"log_mode":"IMMUTABLE","artifact_path":"wandb-client-artifact://8p8fmcj8x0x6bkt6imhoaqz4ufckl9us1zpy56ez7iq90z9lhoi2ugfnr39caioavlnk96tp37tveksrqh1n3z390agz2bmwg9cgrjofm7ltsnf0xobafrtwxa39vhnh/confusion_matrix_table.table.json"},"sample_count":22580,"loss":0.099774569272995,"_step":12,"final_auc":0.6439446199627832,"fraud_ratio":0.05199291408325952,"threshold":0.055797272784523705,"recall":0.19165247018739354,"feature_strategy":"baseline","_wandb":{"runtime":16},"epoch":9}