{"final_auc":0.7204807405651841,"_wandb":{"runtime":74},"sample_count":22580,"threshold":0.9518488978282303,"precision":0.3893805309734513,"feature_count":38,"best_loss":0.3497580587863922,"feature_strategy":"combined","final_loss":0.3519566059112549,"_runtime":74,"_timestamp":1.752217368438846e+09,"confusion_matrix_table":{"artifact_path":"wandb-client-artifact://qzragkfkv7x319t0vesggr435ki629ifcqgnu1u2i78we1lhksckvgk1v8ailha7oqp2vv4zffbssn8vzvqscxmgx3ppuolovz4jpwk0pn2ch6y0zmczn8s6p7ljlmon/confusion_matrix_table.table.json","ncols":3,"_latest_artifact_path":"wandb-client-artifact://959vddhk8x0jnrxze43m8xqjwt074ag4y4yft3zx8hpt659of2vgb8k6sd4imikaf9g6tpgszhy820jjv41zoqr23fkzx7ivhpxq0dyl9by7e15kbcrwgaczglq8br39:latest/confusion_matrix_table.table.json","nrows":4,"sha256":"211114d1c2b14e75c288d096967d969f720fe53e2efe179f248aa6df8254122c","path":"media/table/confusion_matrix_table_2_211114d1c2b14e75c288.table.json","log_mode":"IMMUTABLE","size":188,"_type":"table-file"},"recall":0.22487223168654175,"_step":2,"fraud_ratio":0.05199291408325952,"total_epochs":18,"best_epoch":16,"learning_rate":0.015,"final_sweep":true,"threshold_percentile":97}