{"recall":0.29131175468483816,"sample_count":22580,"feature_count":38,"feature_strategy":"combined","precision":0.21631878557874762,"best_loss":0.34761613607406616,"final_loss":0.34761613607406616,"threshold":0.42245683103745385,"total_epochs":11,"best_epoch":10,"confusion_matrix_table":{"_latest_artifact_path":"wandb-client-artifact://jqtjwj9krpb8qoqpwsvpwrsq4qw32vlb0l24jv0hjjm997su96o5fb6pt3g27g05g5plc6pi4whpz6gwhccj67386ams8zb406re1t7b2s47k3iohr6o7hrqaiho3j1j:latest/confusion_matrix_table.table.json","path":"media/table/confusion_matrix_table_2_95439ea0aaadecabe4ed.table.json","ncols":3,"sha256":"95439ea0aaadecabe4edb8758420a24bd3502eae5906363247875a19b81c5b47","nrows":4,"size":189,"_type":"table-file","artifact_path":"wandb-client-artifact://656uuw9yvd8s8ozxtmgvqeit6sq1c24izo0q22470pvjqp6krrc2nrfdee4drhp7e4lhsrif2vonwaykg4w5hq6agq5usk8vy8hfwy4pl6pk7ug7cgvdo3djr9whu359/confusion_matrix_table.table.json","log_mode":"IMMUTABLE"},"threshold_percentile":93,"_step":2,"fraud_ratio":0.05199291408325952,"learning_rate":0.005,"_runtime":40,"_timestamp":1.7522668392401438e+09,"_wandb":{"runtime":40},"final_auc":0.7052537133548985,"final_sweep":true}