{"final_loss":0.3582674264907837,"_runtime":42,"fraud_ratio":0.05199291408325952,"threshold_percentile":91,"recall":0.32367972742759793,"best_epoch":7,"best_loss":0.34929803013801575,"_wandb":{"runtime":42},"confusion_matrix_table":{"nrows":4,"sha256":"fbe628eafd530a9b54fe42f77cae93d6b0379245dfe1a56430d9ca8ebe358cc5","_type":"table-file","artifact_path":"wandb-client-artifact://n8qf6pg07rr30pkwwtg9j5xwdjnfwk76vhcou52xm4eulou6im9nml1bhcts6sftwetl39tvn845fqlmis64y14ew7ajb3iernimzhd3ycv68xyi2uf04ghn73086vak/confusion_matrix_table.table.json","ncols":3,"_latest_artifact_path":"wandb-client-artifact://vb6jysgfrt8y0spowo86ylc15pzmzrz20gjwt47cz7mljzvufeg7kz17l9n7o7ko0idkiucg97v4nt0n87fylg4n4a1qvbjxnme5fv2ak71k8h11bgo5b5lrun1zcxdq:latest/confusion_matrix_table.table.json","size":189,"log_mode":"IMMUTABLE","path":"media/table/confusion_matrix_table_2_fbe628eafd530a9b54fe.table.json"},"final_sweep":true,"threshold":0.35286469733992726,"final_auc":0.701589342477654,"total_epochs":11,"learning_rate":0.01,"precision":0.18691588785046728,"feature_strategy":"combined","sample_count":22580,"_timestamp":1.7522558096614573e+09,"_step":2,"feature_count":38}