{"learning_rate":0.01,"best_loss":0.3226698935031891,"final_sweep":true,"threshold":0.358126939191504,"recall":0.38245315161839866,"threshold_percentile":90,"fraud_ratio":0.05199291408325952,"_step":2,"final_loss":0.3226698935031891,"sample_count":22580,"total_epochs":17,"best_epoch":16,"confusion_matrix_table":{"log_mode":"IMMUTABLE","ncols":3,"size":189,"sha256":"a841c188a9ea7e5c2eee5eab3e12a23c76e996652a9a93fb78dc46c44d9cdc49","nrows":4,"_type":"table-file","artifact_path":"wandb-client-artifact://upuv9j6cr79iskwts0qw2dqsufxt9yql7t7e8jvgky1n7j0a7gbqxyxhqjnfmpqlfrk8axm249jl9w88w348rse334jhax1ayz1d6co9rzm7z697uswylzfa77dznk2l/confusion_matrix_table.table.json","_latest_artifact_path":"wandb-client-artifact://6vgtpyjocc2t9irjhit6j0ampaldse3bl4z0rtksd2el2e1r164xhyt143b12gyzxm68hso815ctbzkm5zjuidxdnphdpf3w1mi4yjhtbb9te2doa88e18w3e3lxt0zb:latest/confusion_matrix_table.table.json","path":"media/table/confusion_matrix_table_2_a841c188a9ea7e5c2eee.table.json"},"_wandb":{"runtime":72},"feature_count":38,"_runtime":72,"_timestamp":1.7522159875710542e+09,"precision":0.19884853852967227,"feature_strategy":"combined","final_auc":0.7231782838513808}