{"summary/mean_recall":0.24251857298761026,"summary/best_roc_auc":0.7279077587235472,"summary/mean_precision":0.2149007789171887,"precision":0.21370967741935484,"summary/best_recall":0.29535864978902954,"new_features":24,"summary/best_combo_new_features":19,"summary/mean_f1_score":0.2275861466753445,"summary/best_combo_f1_score":0.26666666666666666,"summary/best_combo_accuracy":0.9147475642161205,"combo_size":6,"summary/std_roc_auc":0.014126634530797422,"_wandb":{"runtime":868},"summary/std_accuracy":0.0027534806070658156,"roc_auc":0.7226323069083497,"features_base":15,"_step":17,"progress_completed":15,"summary/mean_accuracy":0.9129022733982876,"_timestamp":1.7520500553438292e+09,"summary/best_f1_score":0.27058823529411763,"summary/best_combo_roc_auc":0.7279077587235472,"summary/best_combination":"baseline_numeric+categorical+fraud_flags+rank_encoding+demographics+time_interactions","summary/best_combo_precision":0.24305555555555555,"summary/successful_combinations":15,"feature_count":39,"summary/mean_roc_auc":0.7051555055852818,"accuracy":0.9151904340124003,"summary/best_combo_feature_count":34,"summary/total_time_minutes":14.442970911661783,"fraud_rate":0.05199291408325952,"training_time_seconds":72.08263897895813,"progress_total":15,"f1_score":0.2167689161554192,"progress_percentage":100,"summary/best_combo_recall":0.29535864978902954,"summary/best_precision":0.25274725274725274,"summary/best_combo_time_seconds":109.9927659034729,"_runtime":868,"summary/best_accuracy":0.9176262178919398,"recall":0.21991701244813278,"data/transactions_total":22580,"combination_name":"baseline_numeric+categorical+rank_encoding+demographics+time_interactions+combined","threshold":0.4474602766710999,"summary/total_combinations":15}