{"sample_count":22580,"feature_count":10,"feature_strategy":"temporal","recall":0.20528109028960817,"_runtime":14,"precision":0.21346324180690876,"threshold":0.08522218600385993,"_timestamp":1.751455559121126e+09,"val_loss":0.04114019498229027,"loss":0.12299267202615738,"_step":12,"_wandb":{"runtime":14},"best_epoch":10,"final_auc":0.6312623743346968,"confusion_matrix_table":{"artifact_path":"wandb-client-artifact://3xg0x1yckrw53ybgfo7tisk5og4jcuiuqiqfu6ejs232yp95bkgysg71lq13etfjau47rxju7twn6umce69ly75assca0zaq2d8xr72memqpuhrqxc0ibvuj1886zkvk/confusion_matrix_table.table.json","path":"media/table/confusion_matrix_table_2_e881c29ae18963bb4406.table.json","_latest_artifact_path":"wandb-client-artifact://g2nq8dqt50w8ixy6wgxoz8xc9f6x1cyvnlh8iq4gcndr77de33208uja0h3egdb8c7hnrrz67qzxj2wg1px0nd88uesfypejssft6vexcxnjfd9gp4ipklygskhepabo:latest/confusion_matrix_table.table.json","sha256":"e881c29ae18963bb4406056033ec8720ff2a371e801dad2005daee992dafed29","size":188,"ncols":3,"nrows":4,"log_mode":"IMMUTABLE","_type":"table-file"},"fraud_ratio":0.05199291408325952,"epoch":9}