{"learning_rate":0.005,"threshold":0.6517177670665315,"confusion_matrix_table":{"size":188,"artifact_path":"wandb-client-artifact://d4utixkzbs1ny49v8wpm7n0jambwt8gqafqlkmajjylu6m2vrekakbiw7uwkpuo4d4z7xis8u7zx3z0r4yxn8cwa56oyihys1tkugqnhe4iryvt5kvwtnvccvdio0m1f/confusion_matrix_table.table.json","ncols":3,"log_mode":"IMMUTABLE","sha256":"a948d705664606e6e1aec330a7e736aa24f6a3931951a875e4519df65e0f644c","path":"media/table/confusion_matrix_table_2_a948d705664606e6e1ae.table.json","_latest_artifact_path":"wandb-client-artifact://ivvrdkee7ai62t0p65xjfhvfouoe359r2t2klsc78ff8s6du5942ft71gi8isul9vg2vsngo5ir5o4ve624iawvbbus1123aux0sdk5i2k3hmc8yrh22j35njwgxfj4a:latest/confusion_matrix_table.table.json","nrows":4,"_type":"table-file"},"_runtime":55,"precision":0.3687315634218289,"_timestamp":1.7522669427684164e+09,"recall":0.21294718909710392,"fraud_ratio":0.05199291408325952,"_step":2,"threshold_percentile":97,"best_loss":0.2928950786590576,"final_auc":0.6973295232704741,"best_epoch":18,"_wandb":{"runtime":55},"feature_count":38,"sample_count":22580,"final_sweep":true,"total_epochs":20,"final_loss":0.2935950756072998,"feature_strategy":"combined"}