{"feature_strategy":"combined","final_auc":0.6803338187433636,"_wandb":{"runtime":53},"_step":2,"best_epoch":14,"confusion_matrix_table":{"_type":"table-file","log_mode":"IMMUTABLE","ncols":3,"nrows":4,"_latest_artifact_path":"wandb-client-artifact://vzr6g7ozjjkmaafb2gj2w503c7ww172h9gvb5z3kxdwg2zgn3sivv1krurvmy5rmas6v7nuujpni94zovwr861n274lrc2z0jcy3umrhqmox50o7ihvr7whipriygk7c:latest/confusion_matrix_table.table.json","path":"media/table/confusion_matrix_table_2_aaa9ea905755d12c9ec2.table.json","artifact_path":"wandb-client-artifact://7icge0jsmrfpxaoggfl5tdj1t5929x7iakenz41vg5xltwi5b7nds2n2uk5fga7v0h2p9p2vc12mcwpj9rkg0aqvilvby8h1mb9axfa5u0mql3r9537wldr6iqjwfd28/confusion_matrix_table.table.json","sha256":"aaa9ea905755d12c9ec2d1b963a775979fdca9c4a051f6e81a622904fa65ed8e","size":188},"best_loss":0.31403848528862,"_runtime":53,"threshold":0.44026730742791265,"final_sweep":true,"threshold_percentile":95,"final_loss":0.31403848528862,"precision":0.2604074402125775,"learning_rate":0.008,"fraud_ratio":0.05199291408325952,"total_epochs":15,"sample_count":22580,"_timestamp":1.7522156653498762e+09,"feature_count":38,"recall":0.2504258943781942}