{"feature_strategy":"combined","final_auc":0.6980184033485175,"learning_rate":0.008,"best_epoch":10,"total_epochs":12,"_step":2,"recall":0.2061328790459966,"threshold_percentile":97,"threshold":0.8235912103813958,"fraud_ratio":0.05199291408325952,"final_sweep":true,"feature_count":38,"_timestamp":1.7522685340131714e+09,"confusion_matrix_table":{"log_mode":"IMMUTABLE","path":"media/table/confusion_matrix_table_2_8d1f74b1af155b189d31.table.json","ncols":3,"sha256":"8d1f74b1af155b189d3105be8a147ab359156e0996d379144505783c60aa5746","nrows":4,"_type":"table-file","_latest_artifact_path":"wandb-client-artifact://cobj55m2if6zlf3ntjl40xbn1a8lxc2j52pllml5ypwkcu5kic0nu72bllrnlqngxkkks9dimnzfvxsuxvgemmvcxsfq1qdl5muhm3psjubd5or53brhz7uz3mqsj9br:latest/confusion_matrix_table.table.json","size":188,"artifact_path":"wandb-client-artifact://d3co7r2ug7gazy62581f91znqiix1ymky21ekh30yncx9g85e0t5oiyrm9bc5wf1qowd1r309l00umasyiiekabrc41p9dyr26sj8n4k47g9a3huwm8sbxd253hdoa0a/confusion_matrix_table.table.json"},"best_loss":0.31704139709472656,"final_loss":0.31933629512786865,"precision":0.35693215339233036,"_runtime":59,"sample_count":22580,"_wandb":{"runtime":59}}