{"best_epoch":19,"best_loss":0.31251388788223267,"precision":0.17904574520413183,"feature_count":38,"sample_count":22580,"final_auc":0.6973011913264141,"fraud_ratio":0.05199291408325952,"threshold":0.30449563897538456,"total_epochs":20,"feature_strategy":"combined","confusion_matrix_table":{"path":"media/table/confusion_matrix_table_2_7b115c108fb4afe5005c.table.json","_type":"table-file","size":189,"log_mode":"IMMUTABLE","ncols":3,"nrows":4,"_latest_artifact_path":"wandb-client-artifact://w8iz9rbe6cs5ootkh0ntn06m733uqk10qunb45in9qzmi85av7lbr7g8z7vp28a0gqqgshej5j9dtyrrjj57t6zxfjnnzffucszu63x94g7cj4oidctpsm9xv00pdgcv:latest/confusion_matrix_table.table.json","artifact_path":"wandb-client-artifact://v7ug02r9eaf52z4nxwgr9iv2rfl3wxh9l40fqtirgii3mathu7q61xgo3xf6ugj12x8kyf3ty2i505k94hjfma51ii1bob16c3i7dq49dknjpdkjhced965xsnlbeoq4/confusion_matrix_table.table.json","sha256":"7b115c108fb4afe5005c116312f957f61f056e7bd61b3991babdd54cdfe52af9"},"learning_rate":0.005,"_step":2,"_wandb":{"runtime":76},"_timestamp":1.7522679473107517e+09,"final_sweep":true,"_runtime":76,"final_loss":0.31251388788223267,"recall":0.3100511073253833,"threshold_percentile":91}