{"_wandb":{"runtime":47},"_timestamp":1.7522153634880123e+09,"threshold":1.5224455339118035,"sample_count":22580,"feature_count":38,"feature_strategy":"combined","best_epoch":7,"precision":0.6061946902654868,"total_epochs":11,"_step":2,"learning_rate":0.005,"_runtime":47,"confusion_matrix_table":{"artifact_path":"wandb-client-artifact://eh1jv382basr05p2ecz6tqopks3g2e18369tj4wssnxo7vmgv7sb47sd75joo2sqg246qvmi8ypm1wmbeusoanqvvez5f3jx6jv383xh7iynetb42c4xdrxsntafbnit/confusion_matrix_table.table.json","nrows":4,"log_mode":"IMMUTABLE","_latest_artifact_path":"wandb-client-artifact://1zpt5kj8f50cwtk626rwm6ksql2n1gr2mcd3uhhz52zh0aqucjua55lk7sgvfaznncv9ro8u773ycna7phfntlsfexqxxlwj0qc14qz1c4xuimoicsi5yfdn7cdncw2e:latest/confusion_matrix_table.table.json","size":188,"ncols":3,"_type":"table-file","path":"media/table/confusion_matrix_table_2_c6489985d1375b484c38.table.json","sha256":"c6489985d1375b484c388ab9648587cbed48c4c3e1fec6ef04863d9a07b49615"},"best_loss":0.3527413010597229,"final_loss":0.3686530292034149,"recall":0.11669505962521294,"final_auc":0.7049545964679617,"fraud_ratio":0.05199291408325952,"final_sweep":true,"threshold_percentile":99}