{"fraud_ratio":0.05199291408325952,"final_loss":0.3211498260498047,"feature_count":38,"precision":0.6061946902654868,"learning_rate":0.015,"total_epochs":13,"_wandb":{"runtime":61},"threshold_percentile":99,"confusion_matrix_table":{"nrows":4,"artifact_path":"wandb-client-artifact://wmg59gv7tlvhdl1wfzj89oyee9e46zqxzlno5t8ajdqh9sm79yoqeue9mnr98w1f07nl0g435acxvy6nreb2j6rfis17ek55bxjm2bqrxmsixpd4h4q0tvslzch5duy3/confusion_matrix_table.table.json","_type":"table-file","ncols":3,"sha256":"c6489985d1375b484c388ab9648587cbed48c4c3e1fec6ef04863d9a07b49615","log_mode":"IMMUTABLE","path":"media/table/confusion_matrix_table_2_c6489985d1375b484c38.table.json","_latest_artifact_path":"wandb-client-artifact://o789n9t09gi4xbs130jccf1jegdziwvwryfkt9jwstl42bz4xccn2y0h99cgpqzf25mw9jf42ev43yy46f7tymsskoamm641chxsovfeeph0fwfdxpwbtjadafgu9obp:latest/confusion_matrix_table.table.json","size":188},"final_auc":0.7098173449116545,"_step":2,"sample_count":22580,"final_sweep":true,"feature_strategy":"combined","best_epoch":12,"threshold":1.9060519082066842,"best_loss":0.3211498260498047,"_runtime":61,"_timestamp":1.7522682598136063e+09,"recall":0.11669505962521294}