{"sample_count":22580,"fraud_ratio":0.05199291408325952,"feature_strategy":"behavioural","_timestamp":1.7514255272075336e+09,"_wandb":{"runtime":15},"_runtime":15,"_step":0,"feature_count":10}