{"confusion_matrix_table":{"log_mode":"IMMUTABLE","size":189,"ncols":3,"nrows":4,"sha256":"609e77e0f5a2c22564dad66104fb199df7c9e527374a306966de839703bf9e4e","_latest_artifact_path":"wandb-client-artifact://s0pf3xrfqz9tx7uhoef3hws7ldayfphdhy360ypjiqng8ve179mxr9c7ild5tcu11x5ex5dtjfsftjv0nhj8o6sntmnt4cbih5w7dlmbdwoiirgnq9s2pc7cimxn2d8u:latest/confusion_matrix_table.table.json","_type":"table-file","artifact_path":"wandb-client-artifact://wsfl3y0lojtgnwukek2076ps28s6lffovaqtk4le2l59r5a1hzy78viqnuon2stlt4lj5kxjcfc95ix6ogzh2xkitu5s4ghp98i1wsraisyn4x5igepj0oc9hgqavz43/confusion_matrix_table.table.json","path":"media/table/confusion_matrix_table_2_609e77e0f5a2c22564da.table.json"},"best_loss":0.3465743064880371,"_step":2,"final_loss":0.3574789762496948,"_wandb":{"runtime":40},"final_sweep":true,"fraud_ratio":0.05199291408325952,"_timestamp":1.752217820778634e+09,"learning_rate":0.005,"feature_strategy":"combined","threshold_percentile":93,"final_auc":0.7191601218018926,"best_epoch":7,"precision":0.222011385199241,"feature_count":38,"total_epochs":11,"threshold":0.40193708910715276,"recall":0.2989778534923339,"sample_count":22580,"_runtime":40}