{"precision":0.2251739405439595,"_timestamp":1.75226711694068e+09,"total_epochs":19,"_runtime":62,"learning_rate":0.008,"threshold":0.4000219582303885,"best_epoch":18,"recall":0.303236797274276,"final_sweep":true,"threshold_percentile":93,"confusion_matrix_table":{"_type":"table-file","log_mode":"IMMUTABLE","sha256":"3f60a78859074f9799d635a9d16349fdc75f718150420998a092256c5b3d5fd2","artifact_path":"wandb-client-artifact://idl88n52mnlqtgfrenci1dj5h4b1k6hnklw9j938ewm3cx1i7kujy2443sh9juq95w1giy19010v4dvhap762yh6tkfovlsbrjxxhw395xwts7ec6zlwlecqolkduycn/confusion_matrix_table.table.json","ncols":3,"nrows":4,"_latest_artifact_path":"wandb-client-artifact://780peqv28v82jgvwd2y1908g185htibezw1sjyvge0w0cnj1e6v2pukd5axm7c100rxtymbr6h4t6s38y4ufxn9bbe04pdgb3zbdge9wom0kzwaktoz4u4v2kbgf6lcd:latest/confusion_matrix_table.table.json","size":189,"path":"media/table/confusion_matrix_table_2_3f60a78859074f9799d6.table.json"},"_step":2,"sample_count":22580,"final_loss":0.3016553819179535,"_wandb":{"runtime":62},"best_loss":0.3016553819179535,"final_auc":0.712652767672806,"feature_strategy":"combined","feature_count":38,"fraud_ratio":0.05199291408325952}