{"best_epoch":13,"_wandb":{"runtime":54},"recall":0.46337308347529815,"feature_strategy":"combined","precision":0.1204605845881311,"_timestamp":1.752215358893331e+09,"feature_count":38,"fraud_ratio":0.05199291408325952,"learning_rate":0.005,"threshold":0.2004176159925048,"_step":2,"final_auc":0.7071227860296776,"confusion_matrix_table":{"artifact_path":"wandb-client-artifact://ildl0d0kpljpm95tgi6gq8fe3tygguad6mtqefd98ya9zbr0y2xz8t13pf8ao5ajsp6b1x2muqluo0ar0edz85ml6h9rkwvmqhxnbkqkjnhdzvxf5jcqa3si85pgcdlj/confusion_matrix_table.table.json","log_mode":"IMMUTABLE","sha256":"d79bc8946faee2874bbef6a7918533e2c8389195cab8f62e03a30dce8b09382c","_latest_artifact_path":"wandb-client-artifact://7syb6038bf36mqeirhxt2jsprp66tcpg759mevs5y77ws1uysktvxfzjbw0ihu3cs5sj13z0p4i372446yih0t7cf71x2738lg0wa2h43cd3x42ogiigarpzedl0w75y:latest/confusion_matrix_table.table.json","ncols":3,"path":"media/table/confusion_matrix_table_2_d79bc8946faee2874bbe.table.json","_type":"table-file","nrows":4,"size":189},"best_loss":0.30257484316825867,"sample_count":22580,"threshold_percentile":80,"_runtime":54,"final_sweep":true,"final_loss":0.30257484316825867,"total_epochs":14}