{"confusion_matrix_table":{"_latest_artifact_path":"wandb-client-artifact://kq6ttxofk5pbvlt9xljk3g6m7x06uzinm6fma5rgea8x0617dqhjlxk6mmn9v7nz5mkcaa65p3b58od4hqjkjwag2jkl7mkozxfki4yokjmdccnwxk51yeesrwmpt3sg:latest/confusion_matrix_table.table.json","log_mode":"IMMUTABLE","path":"media/table/confusion_matrix_table_2_820528049dfd0561a014.table.json","_type":"table-file","ncols":3,"artifact_path":"wandb-client-artifact://o7f06wxiqi4p6673hpdddo5j743bbqcj7emt6mz0wnqpynli2gyh1ymnvg94ztrvfxp1onrjmf1clvna4vvi99uvglf403laa7jamg9a08r3hw6fxk5l69rtk6g19bjb/confusion_matrix_table.table.json","nrows":4,"sha256":"820528049dfd0561a014290c2f0b1829cb5af38ab81d648e232e5f0ae7694e64","size":188},"_wandb":{"runtime":72},"learning_rate":0.005,"_timestamp":1.7522681472424247e+09,"total_epochs":18,"final_sweep":true,"threshold_percentile":97,"_step":2,"best_epoch":17,"precision":0.37315634218289084,"best_loss":0.3145606517791748,"final_auc":0.7387214987407406,"recall":0.21550255536626917,"threshold":0.9606028395571476,"sample_count":22580,"_runtime":72,"fraud_ratio":0.05199291408325952,"feature_strategy":"combined","final_loss":0.3145606517791748,"feature_count":38}