{"best_epoch":18,"_wandb":{"runtime":69},"final_sweep":true,"feature_count":38,"confusion_matrix_table":{"nrows":4,"_latest_artifact_path":"wandb-client-artifact://n6d4epypwdh2bjbkhqw4vfdwitg78uh9btwe9bwt6c1igw0bug8rid6p96jnqp3k5gn0rnfp1mle7kels8gjkcpd8tpgdu6m27zhn1p2ebcl8b42uwu4wwbmvkzoc3mw:latest/confusion_matrix_table.table.json","sha256":"879e82642e648daa19cb276d2957875d724f8920d7b003145addf282b6e77fae","_type":"table-file","log_mode":"IMMUTABLE","ncols":3,"artifact_path":"wandb-client-artifact://5d95vuzj8wq9909dy2q68n64gafxmna5z3w5y29ctadtdsd8p32iyzwk2yrm5l3l9j94wqi4oduxn6l3mz07yv04elmr97kq1n7r28oc7wsjmgxdkeisdbb8p3txid9p/confusion_matrix_table.table.json","size":188,"path":"media/table/confusion_matrix_table_2_879e82642e648daa19cb.table.json"},"_timestamp":1.7522157401732342e+09,"best_loss":0.29888784885406494,"total_epochs":19,"final_loss":0.29888784885406494,"_step":2,"feature_strategy":"combined","sample_count":22580,"_runtime":69,"learning_rate":0.008,"recall":0.23764906303236796,"fraud_ratio":0.05199291408325952,"threshold_percentile":96,"threshold":0.6839209722314925,"final_auc":0.7041936131839678,"precision":0.3086283185840708}