{"_step":2,"_timestamp":1.752216753734118e+09,"final_loss":0.321650892496109,"_runtime":64,"_wandb":{"runtime":64},"best_loss":0.321650892496109,"threshold":0.7421771548516433,"learning_rate":0.01,"recall":0.21550255536626917,"sample_count":22580,"final_auc":0.7262639986464334,"final_sweep":true,"precision":0.37315634218289084,"best_epoch":14,"confusion_matrix_table":{"_latest_artifact_path":"wandb-client-artifact://9q6vqmx4xi7cq5p3u2vquq1nx8vcr7z2kg3o5au9p2fm2oh59tiakjsmxasfbt2pf2ry7zlcm2kau4mbygmowgqhk2nfe6f7qpt0ly5nqoe2h6u91svi2p6ujxg9jpqd:latest/confusion_matrix_table.table.json","_type":"table-file","nrows":4,"size":188,"ncols":3,"path":"media/table/confusion_matrix_table_2_820528049dfd0561a014.table.json","log_mode":"IMMUTABLE","sha256":"820528049dfd0561a014290c2f0b1829cb5af38ab81d648e232e5f0ae7694e64","artifact_path":"wandb-client-artifact://hzgylg1q2fbvs7umjadp7wy482zfmnm23nv3t6mn5fo27974lyj0z3ehqeft2ershhfytynq8tl6igd5zg17nmcfrhs1b5hqid2i4gp8otdjw23w935j8zud1c8tvlyk/confusion_matrix_table.table.json"},"feature_strategy":"combined","threshold_percentile":97,"feature_count":38,"fraud_ratio":0.05199291408325952,"total_epochs":15}