{"_step":0,"_wandb":{"runtime":0},"_runtime":0,"feature_count":10,"sample_count":22580,"fraud_ratio":0.05199291408325952,"feature_strategy":"temporal","_timestamp":1.7514250040695794e+09}