{"recall":0.22821576763485477,"fraud_rate":0.05199291408325952,"features_base":15,"summary/mean_recall":0.23848241329201467,"f1_score":0.21825396825396826,"summary/best_combo_recall":0.24896265560165975,"summary/best_combo_feature_count":39,"_step":17,"summary/mean_accuracy":0.9124151166223798,"summary/best_combination":"baseline_numeric+categorical+behavioral+rank_encoding+demographics+combined","summary/total_time_minutes":12.27229782740275,"summary/mean_roc_auc":0.710459678726557,"precision":0.20912547528517111,"new_features":24,"summary/best_combo_new_features":24,"summary/best_f1_score":0.25572519083969464,"feature_count":39,"progress_total":15,"summary/best_combo_time_seconds":48.122015714645386,"summary/best_combo_roc_auc":0.7352541797093008,"training_time_seconds":52.82718300819397,"threshold":0.4294593505435147,"_wandb":{"runtime":737},"combo_size":6,"progress_completed":15,"summary/successful_combinations":15,"_timestamp":1.752051648585111e+09,"summary/best_combo_precision":0.23904382470119523,"combination_name":"baseline_numeric+categorical+rank_encoding+demographics+time_interactions+combined","_runtime":737,"summary/best_recall":0.28270042194092826,"summary/best_combo_accuracy":0.9176262178919398,"roc_auc":0.7258984251777438,"summary/total_combinations":15,"summary/mean_precision":0.21195562682081398,"progress_percentage":100,"accuracy":0.912754650132861,"summary/best_precision":0.23904382470119523,"summary/std_accuracy":0.003409298510575358,"summary/best_roc_auc":0.7352541797093008,"summary/best_accuracy":0.9176262178919398,"summary/best_combo_f1_score":0.24390243902439024,"summary/std_roc_auc":0.014541100612541574,"summary/mean_f1_score":0.2241430060204333,"data/transactions_total":22580}