{"best_loss":0.340473473072052,"learning_rate":0.005,"sample_count":22580,"threshold_percentile":93,"recall":0.28960817717206133,"final_loss":0.340473473072052,"_timestamp":1.7522684614391587e+09,"best_epoch":11,"feature_strategy":"combined","total_epochs":12,"_runtime":54,"_wandb":{"runtime":54},"threshold":0.37158954268879313,"precision":0.21505376344086022,"confusion_matrix_table":{"artifact_path":"wandb-client-artifact://b2pv9k25ywbyc5fw3xlerjizq437sczf7vnlrvbsgl3f95um8nc32p3uo7bzub57v5kzdnm4go2b7ynfwk7pnktmri68oad78ysy00mlt5jcr9m90ooyww96tx2bw9e6/confusion_matrix_table.table.json","size":189,"_type":"table-file","log_mode":"IMMUTABLE","_latest_artifact_path":"wandb-client-artifact://4xm08wap6ikew2628oa9shue63n162r5pk0kgfqv68qnmo7lpyvvrdkipchbayp80f3yda31cgdexehahavv8fkfzz3zphy7lsro2glqzpyeudqkbrrwtg6df6t622nr:latest/confusion_matrix_table.table.json","ncols":3,"nrows":4,"sha256":"0e06b1b2251edb76c7271b86e209b65f69292eed309330b2858b58b6cc7a3e82","path":"media/table/confusion_matrix_table_2_0e06b1b2251edb76c727.table.json"},"final_auc":0.7037316672027982,"_step":2,"final_sweep":true,"fraud_ratio":0.05199291408325952,"feature_count":38}