{"sample_count":22580,"precision":0.27723649247121346,"feature_strategy":"combined","fraud_ratio":0.05199291408325952,"threshold":0.6005861798990847,"final_loss":0.3688822388648987,"final_auc":0.7168322069263326,"feature_count":38,"_step":2,"threshold_percentile":95,"best_epoch":21,"final_sweep":true,"best_loss":0.3504176437854767,"learning_rate":0.008,"_runtime":83,"confusion_matrix_table":{"ncols":3,"_latest_artifact_path":"wandb-client-artifact://7mpujyi57b5bk7ie11f3ltoggs1905u0sipipl8b1lox5xydbg2ajk5ohcsxjt5yip300y6ziep02fiuqirauy6lel2z2yo39g0ll141x4baqdc1a8i945am6uxpk5oh:latest/confusion_matrix_table.table.json","sha256":"a6f0df809de659dfd776c33f5ec55a6606d56e2a9aeb58f03a56b530490f4ef3","artifact_path":"wandb-client-artifact://dwvusjsm96h5wr1kp2eke4zz06gjm0upxps52ey8qt80vljm7ohj32mfuosb1139tolc48cv7o7woey291kwxr5ftwpjscube211kbi4ut24mo9nobzqv5z2hmmbjkwq/confusion_matrix_table.table.json","log_mode":"IMMUTABLE","_type":"table-file","nrows":4,"size":188,"path":"media/table/confusion_matrix_table_2_a6f0df809de659dfd776.table.json"},"_wandb":{"runtime":83},"_timestamp":1.7522689064287798e+09,"recall":0.2666098807495741,"total_epochs":23}