{"threshold":0.4734649826095422,"final_loss":0.3132380545139313,"_wandb":{"runtime":50},"sample_count":22580,"final_auc":0.7170190306304924,"final_sweep":true,"_timestamp":1.7522178760605159e+09,"_step":2,"best_epoch":15,"fraud_ratio":0.05199291408325952,"confusion_matrix_table":{"path":"media/table/confusion_matrix_table_2_6eb062ab094fc89cd25b.table.json","log_mode":"IMMUTABLE","_type":"table-file","sha256":"6eb062ab094fc89cd25ba3d30f40cedb5e18e3e96812e9d165a6515548c6ff37","ncols":3,"artifact_path":"wandb-client-artifact://jkuy9989v1u6zjwv6kf151e0b0vahk4wghc5ivxrhsyruophv3x0zet8p3nw4if5txv26kvocxindmv4ps44xtc1aa39mwuyuw3xnn9ti4v65inlan40ijsu7tsi83h8/confusion_matrix_table.table.json","_latest_artifact_path":"wandb-client-artifact://v0t4c6x2g301pu2fixbynh5y2inv847q0v1j7242aj35jrx0bhgu8khx6g9v0kcl3wo01nyl08zjb0nfoql8h4m6bs56oi0q7o87mu3wz5843g4bel4x9oh6lxbpv2o2:latest/confusion_matrix_table.table.json","size":188,"nrows":4},"best_loss":0.3132380545139313,"threshold_percentile":95,"_runtime":50,"recall":0.2495741056218058,"learning_rate":0.005,"feature_strategy":"combined","total_epochs":16,"feature_count":38,"precision":0.2595217006200177}