{"best_loss":0.31710320711135864,"_step":2,"final_auc":0.7243083384572239,"_wandb":{"runtime":83},"learning_rate":0.015,"_timestamp":1.7522695825368419e+09,"total_epochs":22,"confusion_matrix_table":{"nrows":4,"path":"media/table/confusion_matrix_table_2_397a6fc2d7cec305ba64.table.json","artifact_path":"wandb-client-artifact://ir4e2czz1srwn8ucorpluiljr00ey174ftlzrrghwetrut7xrng23h0flz4izgz4nlis03g8d2fggw7erumkeoa9qj8q175a5jqm5wec1iwteavvsqi8gmksl29ykfgc/confusion_matrix_table.table.json","_type":"table-file","size":188,"_latest_artifact_path":"wandb-client-artifact://fejzz3mcvew46dw2js2504c8yeoomsqba3s4p2sk8nf5qrb8f1ysenu47r8lmbjeivcsrk9khhzv576ym5tksk9q0tdm7xq9vsamcp2oeu3j4eid761e886h0cy19khg:latest/confusion_matrix_table.table.json","ncols":3,"log_mode":"IMMUTABLE","sha256":"397a6fc2d7cec305ba64ffdcb7a2587b59d3ed6e6f4a1924bd64c8635917cc9a"},"final_sweep":true,"best_epoch":20,"threshold_percentile":95,"final_loss":0.31930407881736755,"threshold":0.5547777017913933,"recall":0.25979557069846676,"_runtime":83,"fraud_ratio":0.05199291408325952,"precision":0.27015057573073514,"sample_count":22580,"feature_count":38,"feature_strategy":"combined"}