{"best_epoch":19,"_wandb":{"runtime":80},"sample_count":22580,"final_sweep":true,"learning_rate":0.012,"total_epochs":20,"_runtime":80,"best_loss":0.31064993143081665,"precision":0.22454142947501582,"fraud_ratio":0.05199291408325952,"threshold_percentile":93,"feature_strategy":"combined","_step":2,"threshold":0.3812113442877169,"feature_count":38,"confusion_matrix_table":{"_latest_artifact_path":"wandb-client-artifact://ukmzeqpwkb4fhey75tbkn0u2zsx51995lyrd0agjwmj0177lha56qrf4v0i1hdl1u1phhjy9ix5gk9nxx38co61pu39mopo923ckw5ug2g9hq7loy34f62bwor4uqwa8:latest/confusion_matrix_table.table.json","sha256":"e3dadcd0f94475f5b07bf55dc15de289b951b8e062534b1d3c87086718cc8984","artifact_path":"wandb-client-artifact://g0bfuktn8obsylxtj7ebj9k8g71jbotb4peu4170avtncbkrd7es9psahc9qoi5bo6r8p4j1dkrhp7lujuzzgqxxq3kv9skb5901vqq9kdesurodrtunotj1fxeq2mux/confusion_matrix_table.table.json","path":"media/table/confusion_matrix_table_2_e3dadcd0f94475f5b07b.table.json","log_mode":"IMMUTABLE","size":189,"ncols":3,"_type":"table-file","nrows":4},"recall":0.3023850085178876,"_timestamp":1.752269615615616e+09,"final_auc":0.718686556540294,"final_loss":0.31064993143081665}