{"feature_count":38,"_timestamp":1.7522696836892188e+09,"sample_count":22580,"best_loss":0.35063478350639343,"threshold":0.5205122687475553,"final_loss":0.3594963848590851,"recall":0.2495741056218058,"total_epochs":14,"precision":0.2595217006200177,"threshold_percentile":95,"learning_rate":0.012,"_runtime":63,"_wandb":{"runtime":63},"feature_strategy":"combined","best_epoch":12,"fraud_ratio":0.05199291408325952,"_step":2,"final_auc":0.7001890202256655,"final_sweep":true,"confusion_matrix_table":{"nrows":4,"log_mode":"IMMUTABLE","sha256":"6eb062ab094fc89cd25ba3d30f40cedb5e18e3e96812e9d165a6515548c6ff37","size":188,"ncols":3,"_type":"table-file","artifact_path":"wandb-client-artifact://9zsvlfhg0uu86xx8nozcp6ddsapaz7dau9a0rztk18afskwomr1xl4i2hyu4ahskbp0zy6w695z8a649fajpm0z7t6f29lo5vrnjeg5rz7q9ks9omq1nwi5k320kgsx7/confusion_matrix_table.table.json","_latest_artifact_path":"wandb-client-artifact://c7ta0nu5kanekfzy5pl42dxnm9ksg4eu0eixhooi1e79aln7q1dr8dkt3wy4bi453xgfmk5tv3wh7c16l7ug00iu0kwfrvj5obii9vh8iye18drv1ubh8cv6nkt6ccr9:latest/confusion_matrix_table.table.json","path":"media/table/confusion_matrix_table_2_6eb062ab094fc89cd25b.table.json"}}