{"feature_strategy":"combined","feature_count":38,"recall":0.3219761499148211,"_runtime":39,"sample_count":22580,"precision":0.18593212001967535,"threshold":0.37129239456654184,"best_loss":0.31991150975227356,"_step":2,"fraud_ratio":0.05199291408325952,"best_epoch":10,"total_epochs":11,"_wandb":{"runtime":39},"learning_rate":0.015,"final_auc":0.6950991785168736,"final_loss":0.31991150975227356,"confusion_matrix_table":{"log_mode":"IMMUTABLE","artifact_path":"wandb-client-artifact://330x4yacq3ohfgu3oc6x3ejaewctw6r26za50qq3wtv5xj6ol5xiuvd7j7gyh2fde7ifhcuk01kgqhjwh2u5wlb2b54cu7vn3zb1mdv16ij0tq11d6dklzvfmc83tif8/confusion_matrix_table.table.json","sha256":"8b426c51e2bffe9c8d62243a23c11c3314c59fcc3acb91e076a228633af80946","ncols":3,"_latest_artifact_path":"wandb-client-artifact://qnj9dm900t959s6vr3e8s2q5goj0j4whxowsyeokkflc5vvlft4c88du538dm3wun8qiwgvdmyz3xzcl2r22n0crfqazrdem2qqx2wdcu8x5pbkdtyvyeq5wrxl5pwco:latest/confusion_matrix_table.table.json","size":189,"path":"media/table/confusion_matrix_table_2_8b426c51e2bffe9c8d62.table.json","_type":"table-file","nrows":4},"threshold_percentile":91,"final_sweep":true,"_timestamp":1.752269851840091e+09}