{"_timestamp":1.752216498315207e+09,"_step":2,"best_epoch":10,"final_loss":0.3165056109428406,"precision":0.1820194862710363,"final_sweep":true,"confusion_matrix_table":{"_type":"table-file","path":"media/table/confusion_matrix_table_2_10f549225fbdb9f8b778.table.json","log_mode":"IMMUTABLE","size":189,"ncols":3,"sha256":"10f549225fbdb9f8b77834c94d43a5fa0337819aad5d6ad55469f0fd191151f5","artifact_path":"wandb-client-artifact://e1m6h3cz6y3ng77d2ahkmcprhsnpm5rphh9tpmwgz6uypoh52ffuu80tsuom6a9ztf4znp7y1whvt8vgdwhct4u6mgx6w563n7i129mr2lt96o7iyifsu81qjn6mf8v4/confusion_matrix_table.table.json","nrows":4,"_latest_artifact_path":"wandb-client-artifact://m014zuirvkkljsxf03fienw83fb8rpah3cw7lkt4jr4w3ruybyhy5c5whg15oi3kj3mh8cd9kwi2xv8vx6lh8yiwcw3sx2abfrmjjfc25u835zj8iaqihmjhyaoihuwe:latest/confusion_matrix_table.table.json"},"total_epochs":12,"feature_count":38,"threshold_percentile":90,"_wandb":{"runtime":59},"feature_strategy":"combined","sample_count":22580,"recall":0.35008517887563884,"fraud_ratio":0.05199291408325952,"best_loss":0.31620216369628906,"final_auc":0.7036462336579994,"_runtime":59,"learning_rate":0.012,"threshold":0.3743105588793721}