{"config_01/roc_auc":0.48885006430322003,"config_05/time_taken":63.581671953201294,"_timestamp":1.7535979423144417e+09,"config_02/epochs_trained":13,"_step":5,"config_02/roc_auc":0.5010788381742739,"config_05/epochs_trained":16,"summary/best_configuration":"config_05","config_04/success":true,"config_04/time_taken":58.60525035858154,"summary/average_roc_auc":0.5123160321273447,"summary/total_time":305.90490460395813,"config_03/epochs_trained":15,"config_01/feature_count":36,"config_01/success":true,"config_04/roc_auc":0.4902031011137803,"summary/successful_runs":5,"config_01/time_taken":64.45066738128662,"config_03/time_taken":63.0011842250824,"config_05/success":true,"config_03/feature_count":36,"config_02/success":true,"config_05/feature_count":36,"config_04/epochs_trained":13,"config_03/roc_auc":0.5370032272936838,"_wandb":{"runtime":306},"config_03/success":true,"summary/best_roc_auc":0.5444449297517653,"config_02/time_taken":56.266130685806274,"config_05/roc_auc":0.5444449297517653,"config_02/feature_count":36,"config_01/epochs_trained":14,"_runtime":306,"summary/failed_runs":0,"config_04/feature_count":36,"summary/total_configurations":5}