{"_wandb":{"runtime":86},"best_epoch":21,"learning_rate":0.01,"_runtime":86,"feature_count":38,"best_loss":0.29360949993133545,"precision":0.5663716814159292,"final_auc":0.7089345183513801,"fraud_ratio":0.05199291408325952,"final_sweep":true,"threshold_percentile":99,"threshold":1.1453515940080088,"final_loss":0.2945292294025421,"total_epochs":23,"confusion_matrix_table":{"_latest_artifact_path":"wandb-client-artifact://b4awoy410eny7fhtoq1u2i5dg9qua9qtunt8e403e3v4c8f546n4jyq86psxnb3ad3fbw24xgpxpkkhucwyf8lmoadb1qd2ee9ng7jb25fs33q50lu4lvhpu1ruirl5g:latest/confusion_matrix_table.table.json","size":188,"log_mode":"IMMUTABLE","artifact_path":"wandb-client-artifact://7ogkhafrsq77uxs99gr9ci5k9t4eoayjraqu6yz0wltuubtue8nkex9utranwlmk5dc357x41noedi3nxfl0g9hgkcp9xz3gd2ws1tkkodgt98xany760wmy53448x2l/confusion_matrix_table.table.json","sha256":"a86ea495436a4f863518804795ca01856549b33fcb669a59518fc836beabb261","_type":"table-file","nrows":4,"path":"media/table/confusion_matrix_table_2_a86ea495436a4f863518.table.json","ncols":3},"sample_count":22580,"_step":2,"feature_strategy":"combined","recall":0.10902896081771721,"_timestamp":1.7522694729150696e+09}