{"loss":0.10717944800853729,"feature_strategy":"behavioural","threshold":0.06703351371908656,"sample_count":22580,"best_epoch":10,"_step":12,"confusion_matrix_table":{"artifact_path":"wandb-client-artifact://dosettnf99wozucxhlb9t3uc84yqcyzbvodvjo1rx8s5mcq1payq52ds41xl6xghqrzcbutww98t8blkk47v4e741n8sb1yrajzbston9b44xtujplneex3yvf0c7hzc/confusion_matrix_table.table.json","size":188,"nrows":4,"path":"media/table/confusion_matrix_table_2_7627930a472252e90b36.table.json","ncols":3,"_type":"table-file","_latest_artifact_path":"wandb-client-artifact://ayqfwbd3wyknvpiww1v0vh3pnvvnpobclkaxmvqh1zlsndo46sqjpoktgiuyn1edjbmlifvvy9fk0mmp3kcz5iyxkro838g5rfbrbhkzxvfe61aaqhs4yhb4o7szpgdz:latest/confusion_matrix_table.table.json","log_mode":"IMMUTABLE","sha256":"7627930a472252e90b3666fdef27bc6b6532e48ff8c55391adeeea6ebaab7012"},"recall":0.217206132879046,"precision":0.22586359610274578,"_wandb":{"runtime":40},"fraud_ratio":0.05199291408325952,"epoch":9,"feature_count":10,"_timestamp":1.7514359246731005e+09,"val_loss":0.024696428328752518,"_runtime":40,"final_auc":0.660022480920107}