{"recall":0.25979557069846676,"_timestamp":1.7522693131514695e+09,"total_epochs":22,"_step":2,"threshold_percentile":95,"precision":0.27015057573073514,"feature_strategy":"combined","feature_count":38,"best_loss":0.31694740056991577,"final_sweep":true,"learning_rate":0.01,"threshold":0.5418734810762126,"_wandb":{"runtime":83},"_runtime":83,"final_loss":0.31748247146606445,"confusion_matrix_table":{"log_mode":"IMMUTABLE","nrows":4,"_type":"table-file","ncols":3,"sha256":"397a6fc2d7cec305ba64ffdcb7a2587b59d3ed6e6f4a1924bd64c8635917cc9a","size":188,"path":"media/table/confusion_matrix_table_2_397a6fc2d7cec305ba64.table.json","artifact_path":"wandb-client-artifact://3kywejha2yutxsejub6v78obl9cvvl4csziy6la9eocu9ukkfztf9ygd4jexiz5mipy6687p3dng132sa531rh8nh2x3utnsorq8zorqyvnhuy2g2igd5uohl0go7czd/confusion_matrix_table.table.json","_latest_artifact_path":"wandb-client-artifact://2rux8b7tcuda24p2xhnp0aa7vbgzhpfflmxb3qhupukfuicrzudvch2j5u67o6fvk7n6h3n9o712cgb6qdj3wkyu69025mvj1au3nuck9h89uuvhe7t2dodr3eg9e7zp:latest/confusion_matrix_table.table.json"},"final_auc":0.7211018149793534,"sample_count":22580,"best_epoch":20,"fraud_ratio":0.05199291408325952}