{"fraud_ratio":0.05199291408325952,"best_loss":0.3217342793941498,"_wandb":{"runtime":40},"confusion_matrix_table":{"path":"media/table/confusion_matrix_table_2_0d895eb6bd190e483bba.table.json","ncols":3,"nrows":4,"_latest_artifact_path":"wandb-client-artifact://e0l7rysd1ap3uv0ul9i6lzb1vzhhdxw5rbau906h39oiosx0av6hc9a89atxczeocl3z8dtmcj5ej3bdayhp7g7q0fzpb27qdawnv0qrib2edohrnvkumxa37vmhno8c:latest/confusion_matrix_table.table.json","log_mode":"IMMUTABLE","_type":"table-file","artifact_path":"wandb-client-artifact://jnfduv1m205drn4igxdhqrnfhw56l2lxqo43brousuxxrun6s78ekua5ocma9hsi18t8k8j7hr86ayhxyosn25150kkm9jtzlqt7krdqicv4h19ttnx67t4w107xd0s9/confusion_matrix_table.table.json","size":189,"sha256":"0d895eb6bd190e483bba6703284b7ba05a731966031ce0dcef2d0420eadb7d89"},"sample_count":22580,"total_epochs":11,"precision":0.21948134092346616,"recall":0.29557069846678025,"learning_rate":0.015,"_timestamp":1.752269897115798e+09,"final_loss":0.3217342793941498,"threshold":0.43083699939719,"feature_strategy":"combined","final_sweep":true,"_step":2,"feature_count":38,"best_epoch":10,"final_auc":0.7167919771574496,"threshold_percentile":93,"_runtime":40}