{"final_sweep":true,"_runtime":96,"threshold":1.3612704317057258,"final_auc":0.6963729222378862,"_step":2,"total_epochs":24,"_timestamp":1.7522168553859258e+09,"recall":0.10988074957410562,"final_loss":0.3140639662742615,"feature_strategy":"combined","learning_rate":0.01,"feature_count":38,"threshold_percentile":99,"sample_count":22580,"precision":0.5707964601769911,"_wandb":{"runtime":96},"fraud_ratio":0.05199291408325952,"best_epoch":19,"confusion_matrix_table":{"sha256":"a2f4b9617686916638f47d03a2dfd9626da0c99951d7643677eebbec52dd0093","path":"media/table/confusion_matrix_table_2_a2f4b9617686916638f4.table.json","nrows":4,"ncols":3,"log_mode":"IMMUTABLE","_type":"table-file","artifact_path":"wandb-client-artifact://eqk4gy4mqrpdka3pmmxs4oxe8596zore4cm9ezp28t1igt5iw4g373fs6jf9dfxs734zrvr3gvdg35vi2juhe414ysxtxotvv44hl044ehqsphy92i0bicwo6sluat6z/confusion_matrix_table.table.json","size":188,"_latest_artifact_path":"wandb-client-artifact://nf3zjtivl8r5m19x0ocp9wmzzft03gh3audexbnjaeme6tov5akajolczr2rb5h5madjsef7p4s1686mxvhr1rjrsgcjhby0oqvomthd65jjke9exwokbrw4e682psf6:latest/confusion_matrix_table.table.json"},"best_loss":0.3115933835506439}