{"epoch":9,"_runtime":12,"sample_count":22580,"_wandb":{"runtime":12},"_timestamp":1.7514391137112517e+09,"feature_strategy":"combined","val_loss":0.024518277496099472,"fraud_ratio":0.05199291408325952,"loss":0.10794252902269363,"confusion_matrix_table":{"ncols":3,"_type":"table-file","size":188,"nrows":4,"artifact_path":"wandb-client-artifact://qut09nb3vvzdb9dw9obhnoma1epsgosldyixhgjmczp874yuicfnf0lfv49qx8lnnh79pj1ewegzvo1e9iqe7f8jc0gy1yxrd6snvdb8909oczk4ovodtn5o7lwosttb/confusion_matrix_table.table.json","_latest_artifact_path":"wandb-client-artifact://04hnja8zlq5izdcf2y5886od1c6ft1ua7gy54jsod5n5mr4og3ddcrthvbvfwsyqzz9yb1vk6sjn6dygmitzwbf9zqxfyxkhj1spedzfqg9074e7pho8q9ofcm1mnt3l:latest/confusion_matrix_table.table.json","log_mode":"IMMUTABLE","sha256":"72d09bfe9bbbafc1ef8c1d30896b02e530cb77ed85a5cf0650081516cddabc73","path":"media/table/confusion_matrix_table_2_72d09bfe9bbbafc1ef8c.table.json"},"final_auc":0.6542601534604526,"best_epoch":10,"threshold":0.046824880081447966,"_step":12,"precision":0.21612046058458814,"feature_count":11,"recall":0.20783645655877342}