{"precision":0.20532319391634982,"fraud_rate":0.05199291408325952,"accuracy":0.912311780336581,"f1_score":0.21428571428571427,"_runtime":437,"data/transactions_total":22580,"combination_name":"baseline_numeric+categorical+behavioral+rank_encoding+demographics+combined","recall":0.22406639004149378,"features_base":15,"progress_percentage":53.333333333333336,"_timestamp":1.7520506341522157e+09,"roc_auc":0.7156720293125622,"combo_size":6,"_step":8,"progress_total":15,"threshold":0.32883936147288106,"_wandb":{"runtime":437},"progress_completed":8,"new_features":24,"training_time_seconds":72.22021698951721,"feature_count":39}