{"threshold":0.051610755040384204,"loss":0.12364491075277328,"_runtime":12,"confusion_matrix_table":{"nrows":4,"ncols":3,"log_mode":"IMMUTABLE","_latest_artifact_path":"wandb-client-artifact://gyofn3p1pxwd1bcm7mhkt4f0xa9c847wdazoruqlgpozn6sb0zprfm6twf36fxidlma68nawcnp24eagrr4g88h39rggsnc1rumbroqmiso22bmu5krgi7z79417e9pd:latest/confusion_matrix_table.table.json","path":"media/table/confusion_matrix_table_2_3ddd77f5d498a3822f32.table.json","artifact_path":"wandb-client-artifact://jok96u4po84v7lrxojvmwsco7wrftzaqhqxcxoff0akehegkt7vl8dysx1uxtq4uv5z46iz4j2gconp0xhmrgloooh26c1r4j1176vistupdbzmddek6qgw1y38v92cg/confusion_matrix_table.table.json","size":188,"_type":"table-file","sha256":"3ddd77f5d498a3822f32bf509d7285b425221010f42deb1f81bb20767e5752b1"},"recall":0.206984667802385,"sample_count":22580,"_wandb":{"runtime":12},"feature_count":10,"val_loss":0.022140540182590485,"final_auc":0.6593277116177365,"_timestamp":1.7514422960886543e+09,"feature_strategy":"temporal","precision":0.21523472099202834,"fraud_ratio":0.05199291408325952,"epoch":9,"_step":12,"best_epoch":10}