{"final_auc":0.6924745342777527,"precision":0.5752212389380531,"feature_strategy":"combined","_step":2,"best_epoch":10,"threshold":1.625298080567935,"threshold_percentile":99,"learning_rate":0.008,"confusion_matrix_table":{"_type":"table-file","nrows":4,"path":"media/table/confusion_matrix_table_2_2466cb34e2056722d41e.table.json","artifact_path":"wandb-client-artifact://hfky3ir5797n6tysi2odoc4m5xytycac9ewmaso345rg9qeuvezr3ik6xozfz0dn17jya0ahikm074vy9b4aoxc57tgzwvx4xblqwnsrzj99qni15regcv3zbnw89kym/confusion_matrix_table.table.json","_latest_artifact_path":"wandb-client-artifact://sq5zx4brusqorzx1w2cw9ruordx7xyeqvppqze7i9lkljuc0qe5c0dtx6r2e7no1kqtq7o5dvtmyo5ai5p8cg6gczc0hglrhu625xs7hkmz9ha6h351qsjekpi30z196:latest/confusion_matrix_table.table.json","sha256":"2466cb34e2056722d41e528aa0f4ebdb15e201dbdcd5ee2ff2210c6e95bfd8f7","size":188,"ncols":3,"log_mode":"IMMUTABLE"},"_timestamp":1.7522685917941418e+09,"fraud_ratio":0.05199291408325952,"final_sweep":true,"best_loss":0.34396979212760925,"_runtime":52,"total_epochs":11,"sample_count":22580,"_wandb":{"runtime":52},"feature_count":38,"recall":0.11073253833049404,"final_loss":0.34396979212760925}