{"best_loss":0.3048025965690613,"threshold_percentile":88,"total_epochs":21,"_runtime":82,"final_auc":0.7233072101136763,"threshold":0.24334725880955502,"best_epoch":18,"recall":0.389267461669506,"sample_count":22580,"feature_count":38,"_wandb":{"runtime":82},"feature_strategy":"combined","confusion_matrix_table":{"ncols":3,"size":189,"_latest_artifact_path":"wandb-client-artifact://nyjyjjl6gu3imwoem39dbpd9j32cesqd9t684gsjo2ctnhot3ff3jlqjam46spyeeghen1nme6kshfzdgjjvay5a53b0av7iy70q2w0zel2x8bo6gvj45vdt101wuwlf:latest/confusion_matrix_table.table.json","log_mode":"IMMUTABLE","artifact_path":"wandb-client-artifact://ugavu9208ghig5byuar1ywvdfm98dxfen101eu58uo2mo0i9o7fbe8ukgmbtvlywzy5sqd17ynvvxaa4fwn7n2kpfot1tvlu1figcuz1jctkmyf2hhzcaolrb4nuu9xb/confusion_matrix_table.table.json","path":"media/table/confusion_matrix_table_2_03524ed4f2994d615c7b.table.json","nrows":4,"_type":"table-file","sha256":"03524ed4f2994d615c7bcbb910134d361a78be615640ae188540fd488d5e52e7"},"final_sweep":true,"precision":0.16863468634686346,"learning_rate":0.005,"_step":2,"fraud_ratio":0.05199291408325952,"final_loss":0.3060804307460785,"_timestamp":1.752215546996893e+09}