{"final_sweep":true,"best_loss":0.31608355045318604,"learning_rate":0.015,"feature_count":38,"final_loss":0.316607803106308,"threshold_percentile":95,"final_auc":0.7003964960070264,"threshold":0.4805268681590429,"best_epoch":12,"_wandb":{"runtime":47},"_step":2,"_runtime":47,"sample_count":22580,"recall":0.2495741056218058,"feature_strategy":"combined","_timestamp":1.7522190619262784e+09,"confusion_matrix_table":{"artifact_path":"wandb-client-artifact://bnzpm5no1uve0hlmcg2z32cec1sf0c4tk5cvs3v2a4u52pq7ulltg019yj2nz4se7091wn8xh1kp5vwozhc1ejnx2r9vpf8a9oiqats7oqz7woh2q0ffxlgt4csjy66y/confusion_matrix_table.table.json","sha256":"6eb062ab094fc89cd25ba3d30f40cedb5e18e3e96812e9d165a6515548c6ff37","nrows":4,"_latest_artifact_path":"wandb-client-artifact://7he1zksk5e9axdk8erfq7lcykqb6ca8vyhjpezuuktqf34zowe6aqjo1hjxfohhktrm81crv6ppbwbc10zjuz70111czdpr0elfm2e0id4ti0i5oi2uq87tw0tujujrw:latest/confusion_matrix_table.table.json","path":"media/table/confusion_matrix_table_2_6eb062ab094fc89cd25b.table.json","ncols":3,"_type":"table-file","size":188,"log_mode":"IMMUTABLE"},"precision":0.2595217006200177,"total_epochs":14,"fraud_ratio":0.05199291408325952}