{"_wandb":{"runtime":76},"final_loss":0.3127368986606598,"feature_count":38,"best_epoch":15,"_step":2,"feature_strategy":"combined","recall":0.2444633730834753,"final_auc":0.728774200931739,"final_sweep":true,"sample_count":22580,"_runtime":76,"confusion_matrix_table":{"size":188,"artifact_path":"wandb-client-artifact://ff2pu52q5j0sxbnizu1l1h1ykrqy938y0ncd680pp9zan74s3s28g778ssa39tvlskmzs6986q7yy1i1392bqe4p783dq4garhcsh0qexueesam94dlwi72j80b5alpp/confusion_matrix_table.table.json","_latest_artifact_path":"wandb-client-artifact://ba7yy7om7ko4d493ydr3qq8irg8038e5bcqr8onhpm7j2swmzo5le0opsqylw5yg5gec64998cucztwgekqq6jeoop2vmkmaz3e9dl1ami2vo2lxcuwj6xfrlr6vk18r:latest/confusion_matrix_table.table.json","sha256":"9d5a61b1d79484930c5122640fea4c6c27362cfeafb48cff689baf7195447aa6","log_mode":"IMMUTABLE","nrows":4,"ncols":3,"path":"media/table/confusion_matrix_table_2_9d5a61b1d79484930c51.table.json","_type":"table-file"},"threshold_percentile":96,"_timestamp":1.752216276632565e+09,"precision":0.3174778761061947,"total_epochs":18,"best_loss":0.31152379512786865,"learning_rate":0.01,"threshold":0.6771085354373652,"fraud_ratio":0.05199291408325952}