{"final_loss":0.31291496753692627,"precision":0.19921298573536644,"_step":2,"sample_count":22580,"final_auc":0.7273705361470243,"recall":0.34497444633730834,"best_epoch":24,"threshold_percentile":91,"threshold":0.3506579058974211,"confusion_matrix_table":{"sha256":"36d31f52179365cca0b69581073050b6596592664a8eed1d59c317988ad3f04f","artifact_path":"wandb-client-artifact://rzljjx4gch3x84mesb8yreaccp31acx6r8ywvgbu4ypembhzau96jjj5pwsrb7hwefgu4prhjm5apmaoc6n1kbp2hqea3cn6dzn15lzc38xhva02ltje9iiuq8hr6h3e/confusion_matrix_table.table.json","nrows":4,"_latest_artifact_path":"wandb-client-artifact://3w32bsk0ymkmvhjf8gx2pmeobegfvmlx1lhq8nla2qiyayxcntqvjwotvf8vtf5lbj1rmyklu7p744cr87qbpmzdtp1xf3xs17eqzahxv2irdlt94s9qqd171orze5m6:latest/confusion_matrix_table.table.json","ncols":3,"size":189,"log_mode":"IMMUTABLE","_type":"table-file","path":"media/table/confusion_matrix_table_2_36d31f52179365cca0b6.table.json"},"_timestamp":1.7522686937566824e+09,"best_loss":0.3103499114513397,"_wandb":{"runtime":96},"_runtime":96,"learning_rate":0.01,"feature_strategy":"combined","final_sweep":true,"fraud_ratio":0.05199291408325952,"feature_count":38,"total_epochs":27}