{"fraud_ratio":0.05199291408325952,"confusion_matrix_table":{"_latest_artifact_path":"wandb-client-artifact://uyx2r73guhlz0kh2jfcf2148di7z5lz1ckuyixay6a9hmxmx2yewoqfzwpx7b4pxzwyb81sw5843fb9bb4wlaqa5gqteh7bdcexdqb32nshruob1wt770wib6p0isd5k:latest/confusion_matrix_table.table.json","sha256":"820528049dfd0561a014290c2f0b1829cb5af38ab81d648e232e5f0ae7694e64","artifact_path":"wandb-client-artifact://gqu9lik54pxf6nmk5xa8e628ys73pxoj3a893tcr0my0kliptdkfc1g2tsn90ym2ownbd6khnst71i12kppfpaoyn9f34k8ramlsn1ac0qnwfhfi4xrqvklpzsdmfy33/confusion_matrix_table.table.json","size":188,"log_mode":"IMMUTABLE","path":"media/table/confusion_matrix_table_2_820528049dfd0561a014.table.json","ncols":3,"nrows":4,"_type":"table-file"},"final_loss":0.31405994296073914,"threshold":0.6601262046374109,"final_sweep":true,"threshold_percentile":97,"_wandb":{"runtime":64},"feature_strategy":"combined","feature_count":38,"recall":0.21550255536626917,"total_epochs":14,"precision":0.37315634218289084,"_timestamp":1.7522693820819702e+09,"best_loss":0.31253886222839355,"final_auc":0.7248112702563452,"sample_count":22580,"best_epoch":12,"_runtime":64,"_step":2,"learning_rate":0.01}