{"feature_strategy":"combined","sample_count":22580,"total_epochs":21,"_wandb":{"runtime":83},"threshold_percentile":99,"feature_count":38,"final_loss":0.3005746304988861,"fraud_ratio":0.05199291408325952,"learning_rate":0.005,"final_auc":0.7138259170755831,"_timestamp":1.7522682352885246e+09,"threshold":1.1825595531258153,"confusion_matrix_table":{"artifact_path":"wandb-client-artifact://n74hz2s2fpkzm7wyh4dyyspw0hb5bupfv9glycn4r2gp2qkm920u1qhuvlwwdcugf71acj96gayxl9o6e871qx3stv9ci88el4lu70kb9q01fakyq3qvkr4et38asw24/confusion_matrix_table.table.json","_latest_artifact_path":"wandb-client-artifact://zdkfbxocmdyx39hhdcpo02g2uiue61tfyh4uqbdt4g6zaijdo1o012v356zy0o1tys13qzi3m0koq8leyp6414ch8tjsgso3ne02n6rrul4ldnarojl6i2s3woclfrj9:latest/confusion_matrix_table.table.json","nrows":4,"log_mode":"IMMUTABLE","ncols":3,"_type":"table-file","path":"media/table/confusion_matrix_table_2_5ed2bfd48e6a5a9d8f1a.table.json","sha256":"5ed2bfd48e6a5a9d8f1ac3221428db6c19d34e5854f46074070023d48b4ba65a","size":188},"recall":0.11499148211243612,"_step":2,"best_loss":0.3005746304988861,"_runtime":83,"best_epoch":20,"precision":0.5973451327433629,"final_sweep":true}