{"sample_count":22580,"feature_strategy":"temporal","feature_count":10,"val_loss":0.023105597123503685,"_wandb":{"runtime":33},"_step":12,"fraud_ratio":0.05199291408325952,"precision":0.20372010628875112,"recall":0.19591141396933562,"final_auc":0.6275128086649908,"_timestamp":1.7514358778128715e+09,"epoch":9,"_runtime":33,"loss":0.11971142143011093,"best_epoch":10,"confusion_matrix_table":{"_latest_artifact_path":"wandb-client-artifact://9su5gk4pwnbbwqpxjxwzui62ulc3kmc182pcbaa3afv0pwl9rk2ew2od3467luc6y00uw7tsjr6u9syqxnwybt3pa2rogpkj53gzeh6f9k6bukm1pvu39nn842y6uwpe:latest/confusion_matrix_table.table.json","path":"media/table/confusion_matrix_table_2_64e655126e4eca2659ba.table.json","ncols":3,"nrows":4,"artifact_path":"wandb-client-artifact://6mvyarpm0lol91aq29uew2md8xdgsc8dwv6q652ifzdshss1j354ppvocnwwldxrusebrs41738sc9fn38wi4uxg7hyos7105arvzzds8fiu7klbt8hsrdd1dtp08ppv/confusion_matrix_table.table.json","_type":"table-file","size":188,"log_mode":"IMMUTABLE","sha256":"64e655126e4eca2659ba3db9ac9e82f5a2c5dd4c8940b49a9f354498b716552e"},"threshold":0.053694158514679506}