{"_runtime":74,"best_loss":0.3130810856819153,"final_loss":0.3147876262664795,"total_epochs":18,"learning_rate":0.012,"best_epoch":13,"threshold":0.8265236631735049,"recall":0.2231686541737649,"final_auc":0.6839164567370418,"_wandb":{"runtime":74},"feature_count":38,"confusion_matrix_table":{"path":"media/table/confusion_matrix_table_2_9b6205b5f800661cad32.table.json","log_mode":"IMMUTABLE","ncols":3,"nrows":4,"artifact_path":"wandb-client-artifact://7lo88k6eakl0ef5l85ev6vdfn8iosisq9s4t3a5d1vqrc5qloau7poseppcuecojt0yb1ofhtr460gz0swjbclmd54jurk0n9ur74fi4g14x7trk0k0yec6h8nojnq88/confusion_matrix_table.table.json","size":188,"_latest_artifact_path":"wandb-client-artifact://785jw4v5jt1q3ekr50xdu74k3cu88gzjy2aew3zmdzgpdz301eqm91fxdfq2xjj688lpftdfkekueyp311y0xgpyd4958870vvgrzgk7duz23b5yo618g0rm7sztqr4b:latest/confusion_matrix_table.table.json","_type":"table-file","sha256":"9b6205b5f800661cad326ce91b6dfd1b6423e50c5cc5bd3e8e5c9190f8331073"},"_timestamp":1.7522168759292216e+09,"precision":0.3864306784660767,"threshold_percentile":97,"feature_strategy":"combined","sample_count":22580,"fraud_ratio":0.05199291408325952,"final_sweep":true,"_step":2}