{"threshold":0.30430817774709723,"final_auc":0.7010168143721267,"feature_strategy":"combined","sample_count":22580,"_timestamp":1.752217012331894e+09,"recall":0.3364565587734242,"learning_rate":0.015,"_step":2,"total_epochs":15,"feature_count":38,"best_epoch":14,"final_loss":0.30677464604377747,"fraud_ratio":0.05199291408325952,"precision":0.17493356953055803,"best_loss":0.30677464604377747,"final_sweep":true,"threshold_percentile":90,"confusion_matrix_table":{"size":189,"artifact_path":"wandb-client-artifact://bfm88toxgk2uwlbycek82gub8430phsphi2kdgm903k7ope8wwvumtuhn8akbw6c1r6p5rf4o3nn1co8xsgixc8kn737jqq944oqcm89prt9xaqlpbq35d2dejd1ot5d/confusion_matrix_table.table.json","_latest_artifact_path":"wandb-client-artifact://yx0200l7vn6jt6k3qb46475wjwk2usd4xfm9xn6aetlv8e6btghm825230z7rlypf0wwdy2t4c3rsn2op6uarliop8cdmwpbxwq0qgwai9zbfv7m474nz2mjpuwtqyoo:latest/confusion_matrix_table.table.json","nrows":4,"sha256":"09bff921f264d4be71e8d2d61c265cf896d6e7c782fe1e295e7e1cded57147a6","ncols":3,"path":"media/table/confusion_matrix_table_2_09bff921f264d4be71e8.table.json","_type":"table-file","log_mode":"IMMUTABLE"},"_wandb":{"runtime":67},"_runtime":67}