{"final_sweep":true,"best_loss":0.3405549228191376,"sample_count":22580,"_step":2,"total_epochs":17,"feature_strategy":"combined","precision":0.26660761736049604,"_wandb":{"runtime":68},"threshold_percentile":95,"threshold":0.4511650743991767,"best_epoch":11,"fraud_ratio":0.05199291408325952,"_runtime":68,"feature_count":38,"confusion_matrix_table":{"sha256":"e5e8c2189095e9bf9f3ebcbbf06fc2c0497f9ffa89fa4b774c13b7e9b7b414e3","path":"media/table/confusion_matrix_table_2_e5e8c2189095e9bf9f3e.table.json","ncols":3,"artifact_path":"wandb-client-artifact://3q9pzofm27svcsrd9nl807i53ppggv9gkb7bwqjdvw9bhdarh1v4jqc93s3fztdahyfmhxsvf79x4bcbdp2s760r08f40ajucqwrubokqj1wj7oj26dqa38wzpcrmmu4/confusion_matrix_table.table.json","_type":"table-file","log_mode":"IMMUTABLE","size":188,"_latest_artifact_path":"wandb-client-artifact://0on73ca8q1vkzgfe3xd9tui3tjwm65nalnm78t99ih25bii9hd7st2q63hwmjr0ddt67brn7xng87s3anwhynx2k9b3zjydt99fntsxrzd8djb1y8j2rgvhjw04sdveh:latest/confusion_matrix_table.table.json","nrows":4},"learning_rate":0.005,"final_loss":0.34195733070373535,"final_auc":0.7054198451898009,"recall":0.2563884156729131,"_timestamp":1.7522685356847868e+09}