{"total_epochs":11,"threshold":0.6219792876147245,"confusion_matrix_table":{"ncols":3,"artifact_path":"wandb-client-artifact://5bm3m3rhyfyra3w432537slkbzf6r2is9a0m0xspv6e31f7qlvygfgffywd76190qu0w3sl9f1jrdirrfrc4gbscrhkdel6u2uiw8w68cltej3h0yf6z24fwx6xqgdat/confusion_matrix_table.table.json","_latest_artifact_path":"wandb-client-artifact://yxagbvejxwfo43kbpi4y96c38zy2pb831iuc79qhddb18bbbv2fxy1td3x4e1o5volbqd8dvte8lh2k8gi34vn7hxdi0mrp6nqfjjt2qpaxqzh0ilx0wcyhthz8qzrh1:latest/confusion_matrix_table.table.json","log_mode":"IMMUTABLE","size":188,"path":"media/table/confusion_matrix_table_2_875426c71f7a5002a070.table.json","nrows":4,"_type":"table-file","sha256":"875426c71f7a5002a070fdb8085b0b8b03bd3932806ef0a4b10fda991b7dad2e"},"recall":0.24872231686541738,"best_loss":0.35326915979385376,"final_auc":0.7017797076748212,"learning_rate":0.01,"_timestamp":1.7522688322175257e+09,"_runtime":54,"precision":0.25863596102745795,"feature_strategy":"combined","best_epoch":9,"fraud_ratio":0.05199291408325952,"threshold_percentile":95,"_wandb":{"runtime":54},"sample_count":22580,"final_loss":0.36717790365219116,"_step":2,"feature_count":38,"final_sweep":true}