{"confusion_matrix_table":{"ncols":3,"size":188,"log_mode":"IMMUTABLE","sha256":"a6f0df809de659dfd776c33f5ec55a6606d56e2a9aeb58f03a56b530490f4ef3","artifact_path":"wandb-client-artifact://vrpmhg35u3673e8tfazq7c4cd6b5bhp10mgdzpj6og1urz6ouzqvb3kuj653v8x5ot9yzr6868n9u9qjv80reiv32ekhiu6qk6romkaplbetgmh4w0u8yprelezqh9vk/confusion_matrix_table.table.json","nrows":4,"_type":"table-file","_latest_artifact_path":"wandb-client-artifact://gdd8vy5e5dkvk2cean8fw6j5cbuds34txll4h97mqhkqqavtxyivet5fzjebuzzvur8l7xovg8hjln6br390iyzdrvtce9tcf4w6gxvof1ay2tyr0u90iu7yuwxlini1:latest/confusion_matrix_table.table.json","path":"media/table/confusion_matrix_table_2_a6f0df809de659dfd776.table.json"},"sample_count":22580,"final_auc":0.7200667042197566,"threshold_percentile":95,"precision":0.27723649247121346,"_step":2,"learning_rate":0.008,"_runtime":42,"final_sweep":true,"total_epochs":11,"_wandb":{"runtime":42},"threshold":0.5957203461093635,"feature_strategy":"combined","_timestamp":1.7522671641303027e+09,"best_epoch":9,"final_loss":0.3554653525352478,"best_loss":0.35502493381500244,"recall":0.2666098807495741,"feature_count":38,"fraud_ratio":0.05199291408325952}