{"val_loss":0.0650080144405365,"final_auc":0.6052964659401485,"_step":12,"sample_count":22580,"confusion_matrix_table":{"ncols":3,"_latest_artifact_path":"wandb-client-artifact://30nay7z92ebbvypl7j7hypt628oytututy842bdt22eh9dldps29trwo7jstbf8gle6icu55jvrftygzck7myerpi71yh08ahzny6sdsafl0cfqv3m47xyrrd2g08nmz:latest/confusion_matrix_table.table.json","nrows":4,"size":188,"path":"media/table/confusion_matrix_table_2_0db5fafac9b447e3f578.table.json","log_mode":"IMMUTABLE","sha256":"0db5fafac9b447e3f578558de2bc199954542301800cb726fc8f618797475724","_type":"table-file","artifact_path":"wandb-client-artifact://qbtaecyk4m9ljqm4zncurrtpxd1qs7de06xxxpc5eye8qk6760u0wwp8fv94idswhowprjs68ra7ai0qk82vafbe0nfu2vcm3xyrvj7yhnpvei5xs5hbtaw21rk92u6t/confusion_matrix_table.table.json"},"precision":0.2046058458813109,"feature_strategy":"baseline","threshold":0.10485109751729281,"_wandb":{"runtime":15},"fraud_ratio":0.05199291408325952,"feature_count":9,"loss":0.12239282578229904,"best_epoch":10,"_timestamp":1.7514525338558095e+09,"_runtime":15,"recall":0.196763202725724,"epoch":9}