{"sample_count":22580,"_runtime":14,"final_auc":0.6451531842956353,"precision":0.2108060230292294,"threshold":0.06384406293521856,"_wandb":{"runtime":14},"val_loss":0.029550783336162567,"_step":12,"epoch":9,"best_epoch":10,"loss":0.10519436001777649,"feature_strategy":"behavioural","feature_count":10,"fraud_ratio":0.05199291408325952,"_timestamp":1.7514555796472251e+09,"recall":0.20272572402044292,"confusion_matrix_table":{"_type":"table-file","_latest_artifact_path":"wandb-client-artifact://wn1fgxrztab7luxbj9w5ewi39i5tud7wvmpuh41vu1fh5lj9lrnlxt3sov97qm046rbszenjnn5snpyhnsyuxjejoq5664r1zfc1p1pgn1ovjw3tn20scor9iqz1t9pg:latest/confusion_matrix_table.table.json","sha256":"dafb8d5efdaeb9a8768cd8373dcccfa430de116f1f4c41912e93d1c023c78956","nrows":4,"path":"media/table/confusion_matrix_table_2_dafb8d5efdaeb9a8768c.table.json","size":188,"ncols":3,"log_mode":"IMMUTABLE","artifact_path":"wandb-client-artifact://u602htc9hhmavlze6mo8i1kteipkok89mcdm48q2yv5bvlrve8twy3g1w0ooi0uy5yb2ggm8if1ze7tksatx0vsktfp4hnj6tsjf7e98k89ls1547widn5rm3fzx2me0/confusion_matrix_table.table.json"}}