{"sample_count":22580,"_wandb":{"runtime":54},"recall":0.22061328790459966,"total_epochs":13,"feature_strategy":"combined","best_epoch":12,"final_auc":0.711977775022399,"best_loss":0.3442273736000061,"fraud_ratio":0.05199291408325952,"precision":0.38200589970501475,"threshold":0.7786279517782332,"learning_rate":0.01,"threshold_percentile":97,"_runtime":54,"confusion_matrix_table":{"nrows":4,"_type":"table-file","path":"media/table/confusion_matrix_table_2_262decde021881139f43.table.json","log_mode":"IMMUTABLE","sha256":"262decde021881139f43599eb46dd31faafbd0ab5fcae02c6dfb3de0e6981220","size":188,"artifact_path":"wandb-client-artifact://hdbdjjkwteim5ij3jn792626jmg01vfp0141pz8vm7bwj5v9sl6cvo7u2ope1mbj2bo5nvkqzgs7e6y814muqfh3tgdfs9vuhvx368386rje8p32j8nga1ear9kdbiyz/confusion_matrix_table.table.json","ncols":3,"_latest_artifact_path":"wandb-client-artifact://6x4r4pbuuu20rfn77ae8gk5ywo17rjqjjj9io15s45uf3bzq5lk4uaknt9ishd4smrq9hpqr4h3f7duweszoliavpf7folc1fxerqp3a9e6b9pvbjgwq9gq6ds85vyfn:latest/confusion_matrix_table.table.json"},"_timestamp":1.7522675394978237e+09,"feature_count":38,"final_sweep":true,"_step":2,"final_loss":0.3442273736000061}