{"val_loss":0.025143159553408623,"sample_count":22580,"epoch":9,"confusion_matrix_table":{"size":188,"log_mode":"IMMUTABLE","ncols":3,"sha256":"7627930a472252e90b3666fdef27bc6b6532e48ff8c55391adeeea6ebaab7012","_latest_artifact_path":"wandb-client-artifact://2s1hfy26p4lf1718j5abiam1af2v9l3j7n2buk13753za4i3zne3ultradd074dn0x3wwvyjijp5gkik8mihs1hgfyjpxwse80vbdp75gxk4tgz17qcqrwilo8gwwwcu:latest/confusion_matrix_table.table.json","_type":"table-file","artifact_path":"wandb-client-artifact://9wb0i5fdueoy0ekepjaxbqwufm3xchfytdu8v6rspk9tvywz7ms81i7tyqm1orikyrp8rbh4pvr7ob2zlpi97pi2x9v10thjghlbi4b4hajfzk8jsgqvmbg8rdcqhraf/confusion_matrix_table.table.json","nrows":4,"path":"media/table/confusion_matrix_table_2_7627930a472252e90b36.table.json"},"_step":12,"recall":0.217206132879046,"feature_count":9,"_runtime":12,"final_auc":0.6399053283314189,"_wandb":{"runtime":12},"threshold":0.04248692515730597,"loss":0.10601009428501129,"_timestamp":1.75144227846206e+09,"feature_strategy":"baseline","fraud_ratio":0.05199291408325952,"precision":0.22586359610274578,"best_epoch":10}