{"final_auc":0.6200318622952918,"sample_count":22580,"fraud_ratio":0.05199291408325952,"loss":0.12035100162029266,"_step":12,"val_loss":0.025278791785240173,"recall":0.1890971039182283,"feature_strategy":"temporal","_wandb":{"runtime":14},"precision":0.1966341895482728,"threshold":0.05155594671965191,"epoch":9,"best_epoch":10,"feature_count":10,"_timestamp":1.7514452087003255e+09,"confusion_matrix_table":{"nrows":4,"log_mode":"IMMUTABLE","path":"media/table/confusion_matrix_table_2_90a6ec66ecc14bbc9c27.table.json","_type":"table-file","artifact_path":"wandb-client-artifact://sy8dw6fw4ru6mv11ev108bkcg2w01bstr0v4jjar0r0plkmzgaregbofiwl816rhh5wey4z4mhmdf3td21upqmsba7ijier8smlix5aa90690sad4uwkr120vbdxedei/confusion_matrix_table.table.json","sha256":"90a6ec66ecc14bbc9c2729b48e5aa7d7e3cab48f7267b573fc6343bf3f4c0b1b","_latest_artifact_path":"wandb-client-artifact://s5t55vqycpoibiiydp9il2rrki3ilwi2ucv9ab945mk3jvrtxwlx9r0pcd0k1a8dud3ul2usciykv880113qsc47a62zuhte2bcez2aarqmk4kwonzun7rw092m29d1f:latest/confusion_matrix_table.table.json","size":188,"ncols":3},"_runtime":14}