{"_timestamp":1.7522174522170725e+09,"best_loss":0.3061043620109558,"learning_rate":0.015,"threshold_percentile":99,"_wandb":{"runtime":78},"best_epoch":16,"sample_count":22580,"_runtime":78,"recall":0.12265758091993186,"final_auc":0.7100725313684758,"final_loss":0.3075474202632904,"threshold":1.7096188756088013,"confusion_matrix_table":{"size":188,"_type":"table-file","artifact_path":"wandb-client-artifact://sqw6thmux4u7j79275ao0btyx1wzrqawu6laobplx1ofwlc4valqqcq6tpzc1ngin42tyxeplpsecp00ooer6t3kyvg9vuz7q0tnnv92lpbtnur7jux83x8lxbtw7aj5/confusion_matrix_table.table.json","path":"media/table/confusion_matrix_table_2_60a1a53a7283060716a5.table.json","sha256":"60a1a53a7283060716a5cdddff8f80d6399910855bd175128a4ac60e7b34906d","log_mode":"IMMUTABLE","_latest_artifact_path":"wandb-client-artifact://7qpt6345hi3lx1mah4ff4un720h6dxs5c7irjfd881vdnqjkeewh6nq6kcgfo8n1lqynvzeuwwkw3gm17hsorcslthiygs79wsa7oo53ujfsl83d4fvgyx9z6jd3lh2z:latest/confusion_matrix_table.table.json","ncols":3,"nrows":4},"feature_strategy":"combined","fraud_ratio":0.05199291408325952,"total_epochs":19,"_step":2,"feature_count":38,"precision":0.6371681415929203,"final_sweep":true}