{"precision":0.2320637732506643,"_step":12,"threshold":0.04513298385034764,"best_epoch":10,"_runtime":15,"fraud_ratio":0.05199291408325952,"epoch":9,"final_auc":0.6482746323572129,"confusion_matrix_table":{"path":"media/table/confusion_matrix_table_2_84da14dab9c31fda0c6d.table.json","sha256":"84da14dab9c31fda0c6dcd84a546e255f59dfbc0089438fe4e984f2846605c1e","size":188,"log_mode":"IMMUTABLE","artifact_path":"wandb-client-artifact://naqee36v3zx31tnflsywxwjldyib76g04qhv9gucqnnkxvshbhg770v0vh9oharfeaz9vp974nchrwelnr7xc5jyyk6mdo6l717ntlrzw8c3ol8w3h7m7kd7vtummqhz/confusion_matrix_table.table.json","_type":"table-file","ncols":3,"_latest_artifact_path":"wandb-client-artifact://xz087pjajklyqq9i6gqgki8o72nirmi9qgpfu8exqs2dcl4foyju1a7psexbsx1jagwxxl8zrt741hv60xwle68myr0ik0mc99usq8szgu26as02j4bsgqkj1uiedrpb:latest/confusion_matrix_table.table.json","nrows":4},"_timestamp":1.7514343550700712e+09,"_wandb":{"runtime":15},"feature_strategy":"combined","recall":0.2231686541737649,"val_loss":0.018764326348900795,"feature_count":11,"loss":0.11188479512929916,"sample_count":22580}