{"precision":0.17707820954254797,"threshold":0.34934363277576197,"best_epoch":10,"_step":2,"feature_count":38,"_timestamp":1.7522679825685399e+09,"final_auc":0.6787335812007046,"_wandb":{"runtime":50},"learning_rate":0.015,"sample_count":22580,"best_loss":0.3511764705181122,"_runtime":50,"recall":0.30664395229982966,"final_loss":0.3511764705181122,"total_epochs":11,"threshold_percentile":91,"confusion_matrix_table":{"size":189,"_latest_artifact_path":"wandb-client-artifact://7eued4o1e6wetwfn2afctt120gb90kc428q8fedlbs5v77k1ycuulqlzxkh3hqgggz911gec95j9tawjrbb3kde7pelj60khsja56xka761fgygc19l60vcyoe5pu4sp:latest/confusion_matrix_table.table.json","artifact_path":"wandb-client-artifact://h9l44hzl4zd3nb7ngyl4hj74xfivvj3n4j2vue8xrl8ahxaln8y2qezt076ywfvkc9ueosrl99ih4l363i4hfhkp3sprkamxo9442xcojvhbcot4vvp1zqtqyxwkubqm/confusion_matrix_table.table.json","log_mode":"IMMUTABLE","path":"media/table/confusion_matrix_table_2_c0a7660313956f8d63a1.table.json","ncols":3,"sha256":"c0a7660313956f8d63a15cc1cb4d513095258b3ad4e27ca94b497b99ad2af539","_type":"table-file","nrows":4},"feature_strategy":"combined","fraud_ratio":0.05199291408325952,"final_sweep":true}