{"precision":0.21505376344086022,"threshold":0.2700858020218367,"learning_rate":0.01,"_step":2,"feature_count":38,"feature_strategy":"combined","_runtime":74,"fraud_ratio":0.05199291408325952,"best_loss":0.3046705424785614,"final_auc":0.7021925502585608,"final_loss":0.30490079522132874,"confusion_matrix_table":{"_latest_artifact_path":"wandb-client-artifact://9t9xitur7xd6tn87t146nki2crqy72v7fb3qv1bcvutsqc1a94d6dzl9gizix9owcsoku2rqnq9b8na4h9uk6sc1aop46mnex6lokematjkbkct4835ywfuk5mu50tnr:latest/confusion_matrix_table.table.json","ncols":3,"sha256":"0e06b1b2251edb76c7271b86e209b65f69292eed309330b2858b58b6cc7a3e82","nrows":4,"path":"media/table/confusion_matrix_table_2_0e06b1b2251edb76c727.table.json","artifact_path":"wandb-client-artifact://5w93173rgl9fjczi6g5hiz0x658nhjyro7jov7pulsig4idev68t935py62y8p9j62db2tqqnknegh7e1gf92wdohmorb4gngev54j0w76q2ru1t5tu6dft2pdtgd49o/confusion_matrix_table.table.json","log_mode":"IMMUTABLE","_type":"table-file","size":189},"_timestamp":1.752268773229703e+09,"sample_count":22580,"recall":0.28960817717206133,"_wandb":{"runtime":74},"threshold_percentile":93,"best_epoch":14,"total_epochs":20,"final_sweep":true}