{"_runtime":14,"feature_count":11,"sample_count":22580,"fraud_ratio":0.05199291408325952,"feature_strategy":"combined","_timestamp":1.7514255520529182e+09,"_step":0,"_wandb":{"runtime":14}}