{"fraud_ratio":0.05199291408325952,"threshold_percentile":91,"feature_strategy":"combined","total_epochs":24,"learning_rate":0.012,"sample_count":22580,"best_epoch":20,"_step":2,"confusion_matrix_table":{"size":189,"path":"media/table/confusion_matrix_table_2_7ca1c4f030f32e3c3559.table.json","artifact_path":"wandb-client-artifact://a7qk4gjqoyckrv14nrntq7ut1c8dczglw0p3jwe1992u103fyn1txfekt3r8396pgf8t9zv979mj90nohdq0lxp6gt0d57ngch23smnj2tgkrejapbdvba8q8wy7b6nb/confusion_matrix_table.table.json","nrows":4,"_type":"table-file","sha256":"7ca1c4f030f32e3c3559a8a1526b42d8837287db575776f7a56be5dae4e10623","ncols":3,"log_mode":"IMMUTABLE","_latest_artifact_path":"wandb-client-artifact://tdo3ctvmlqjimyxj3uwbowmy2kk7i0i1q8trz322f11h46en447awbv2wrqn9i2yxm6qmkbjx89drlc3zzaoz92z78g3bptlvntfd2xjfqyzpy5hwy2d47p8u4sl5nd2:latest/confusion_matrix_table.table.json"},"feature_count":38,"_wandb":{"runtime":68},"_timestamp":1.7522186494018886e+09,"precision":0.21200196753566158,"_runtime":68,"final_auc":0.7284911202434764,"threshold":0.3818448375743579,"final_sweep":true,"recall":0.36712095400340716,"best_loss":0.30388143658638,"final_loss":0.3069729506969452}