{"best_loss":0.31204068660736084,"learning_rate":0.01,"recall":0.1303236797274276,"best_epoch":12,"feature_count":38,"_runtime":56,"sample_count":22580,"_wandb":{"runtime":56},"fraud_ratio":0.05199291408325952,"final_loss":0.31204068660736084,"feature_strategy":"combined","confusion_matrix_table":{"size":188,"_type":"table-file","log_mode":"IMMUTABLE","path":"media/table/confusion_matrix_table_2_8bb6c11b368128986835.table.json","sha256":"8bb6c11b368128986835252ea374e4a5890ae757fc8087b6cbd4105fc8421ca6","ncols":3,"artifact_path":"wandb-client-artifact://01j3rvyz4w9oblxcc2dlnqj1v39qgx15nbt6yoivfxkk7x5o0yt1mgaryinrx24irjj945d511oqj4opewk0e69uuh3psxs06cc2s7k3ahp831c4sdmfnrcjnhea37ns/confusion_matrix_table.table.json","_latest_artifact_path":"wandb-client-artifact://6a7bozhrft558keu7vosxriiuht5oko3yz7eijwumfttmkykv2tka22v5r586jj246h16d94bb45flkrbv0q0xljm2giaypmbb3fdzr579ai4b3tgggftofdmc9xt02z:latest/confusion_matrix_table.table.json","nrows":4},"_step":2,"precision":0.6769911504424779,"total_epochs":13,"final_auc":0.7177087861337735,"final_sweep":true,"threshold":2.179408008254691,"threshold_percentile":99,"_timestamp":1.7522676014666142e+09}