{"sample_count":22580,"feature_count":38,"threshold_percentile":99,"recall":0.12436115843270869,"learning_rate":0.005,"final_sweep":true,"_timestamp":1.7522686943666189e+09,"threshold":2.888457285600267,"feature_strategy":"combined","confusion_matrix_table":{"artifact_path":"wandb-client-artifact://eo9xiqua1d8pgtxy1eyufxll1n07jzq9dh07hisooze4owfstvhi7p4onnobfdfodsa891e8xn6ogb465yu1z72gfj46nx0e74o9bvmh4r669aj2p1wtlacuus9p7kkd/confusion_matrix_table.table.json","size":188,"log_mode":"IMMUTABLE","sha256":"524eca23163108311cda5b3ce1a5647873cb414c088e1f4935d1f18524340b5a","ncols":3,"nrows":4,"_type":"table-file","_latest_artifact_path":"wandb-client-artifact://82pl23g5pjez6r9v9bek2t812m2snnkdzwfnv5up0feuowzvf0eqhsn8u45q3h62o98s7170neh97axw9bzeymyo1lhzo4vyekz7ajt4p5h8riflyhne9gdbevajvohh:latest/confusion_matrix_table.table.json","path":"media/table/confusion_matrix_table_2_524eca23163108311cda.table.json"},"_step":2,"fraud_ratio":0.05199291408325952,"final_auc":0.7206580141758404,"final_loss":0.3173140585422516,"precision":0.6460176991150443,"_wandb":{"runtime":84},"best_loss":0.3173140585422516,"total_epochs":21,"best_epoch":20,"_runtime":84}