{"learning_rate":0.012,"fraud_ratio":0.05199291408325952,"best_loss":0.34548419713974,"final_sweep":true,"feature_count":38,"feature_strategy":"combined","confusion_matrix_table":{"path":"media/table/confusion_matrix_table_2_a898411a0b1b40735056.table.json","artifact_path":"wandb-client-artifact://1y72m9bia7y3nudaxtgav0luh620zx50zs8vnk5qfon28u94pql5dewydbngx6gqz0pnh7nnvzn7fb7izqwbrnjc0oggqlb6k8zizv0ixvdrovutofpw0jvho117va83/confusion_matrix_table.table.json","_type":"table-file","ncols":3,"size":189,"sha256":"a898411a0b1b407350562655509c404cf25c6d76b422cef6948b539078c2fd1b","nrows":4,"_latest_artifact_path":"wandb-client-artifact://lewvbh150a5k3d38u14tshaos6m9fa6mjrqkyutvc2fbcn40m6qc5edjmmw8ya9feg8m1jbvf3gygz00580sbdbivdzxgh9wqhv7q5oif72tmrcg0o4180gbsbc2vhq2:latest/confusion_matrix_table.table.json","log_mode":"IMMUTABLE"},"best_epoch":11,"sample_count":22580,"final_loss":0.34548419713974,"final_auc":0.7105792832049986,"recall":0.09965928449744463,"_wandb":{"runtime":58},"total_epochs":12,"_timestamp":1.7522169395870905e+09,"threshold_percentile":99,"threshold":2.65529391125688,"_runtime":58,"_step":2,"precision":0.5176991150442478}