{"_step":12,"feature_count":9,"_runtime":12,"sample_count":22580,"recall":0.21550255536626917,"confusion_matrix_table":{"sha256":"e0b6c7f03e4eb1ec0412477312cc0a3aebf366f58580a5692ff51f0089e33e7d","ncols":3,"log_mode":"IMMUTABLE","size":188,"_type":"table-file","artifact_path":"wandb-client-artifact://mqd25fshj35lald8o3sc1gqa5q0tvg3ipm8qzm3j2jstzn7jdv2zyg7it5vhm7hz7phd7i8k0xtkg9c6cmp6k9v6pla4gwv4lno9al688xixfyfa2a8lphmrc8xgl1l2/confusion_matrix_table.table.json","nrows":4,"_latest_artifact_path":"wandb-client-artifact://3gztd7ucivp3qqrink5vs18ugabhupn6d9iwf422sctwjpjftmg5aevgtuyoh19jkdcv8uw81dspkx68hyo42blbrpptfgzh2ogi302eto25c5zuty5tr25jatqg7j0s:latest/confusion_matrix_table.table.json","path":"media/table/confusion_matrix_table_2_e0b6c7f03e4eb1ec0412.table.json"},"loss":0.11043858528137207,"_wandb":{"runtime":12},"threshold":0.04386945573552526,"epoch":9,"val_loss":0.019520631060004234,"fraud_ratio":0.05199291408325952,"_timestamp":1.7514390550094452e+09,"best_epoch":10,"precision":0.2240921169176262,"feature_strategy":"baseline","final_auc":0.6563084495566448}