{"_runtime":57,"total_epochs":11,"final_loss":0.3601006269454956,"learning_rate":0.012,"_timestamp":1.7522166393967862e+09,"feature_count":38,"best_loss":0.3589724004268646,"confusion_matrix_table":{"_type":"table-file","size":189,"sha256":"1339c1a5e6e97119192fc844e0b60373df38038f604ead8290be8aed468e0a10","artifact_path":"wandb-client-artifact://1wy5txihzp77736cfoagsvw6vwf2hbtcw2vx6gcfnz0asda3cunvyekuflpbhyhbpc5hu7rc8m0ns8nh48u3zwb1kmzimdc2jrervjbmr9ustsdczs6vjeetfsz1e4x3/confusion_matrix_table.table.json","path":"media/table/confusion_matrix_table_2_1339c1a5e6e97119192f.table.json","_latest_artifact_path":"wandb-client-artifact://yhw0onrb9y40rs8erhcck5e4w3tu0x7nxt2yeo3th6u5cfu8hdgbpvjbqf6p4ngd043x3htchso7xvokbf2qa7hams019ajjsz24iypdd4xv562e1sqaqltjq1syea91:latest/confusion_matrix_table.table.json","nrows":4,"log_mode":"IMMUTABLE","ncols":3},"threshold_percentile":94,"feature_strategy":"combined","final_auc":0.7039141933648816,"best_epoch":8,"sample_count":22580,"final_sweep":true,"fraud_ratio":0.05199291408325952,"_wandb":{"runtime":57},"_step":2,"threshold":0.4819034919939396,"precision":0.23394833948339483,"recall":0.27001703577512776}