{"epochs":10,"fraud_ratio":0.05199291408325952,"sweep_stage":"broad","best_loss":0.30699244141578674,"confusion_matrix_table":{"ncols":3,"sha256":"90a6dfdb81c87d545c90ffc40aed470c85dc8441db6896709138920d00edb0dc","size":189,"_latest_artifact_path":"wandb-client-artifact://2ntzz6b0celchl060rlwwqgd3nuk2uf26lwhpg4b5a0i66tgx50dhwsz2056jh7uyi4z4rqar6dvoee038dl2tbh3cz7n45y6cmug37e1atwb5rj7lrmc33zubww8c84:latest/confusion_matrix_table.table.json","path":"media/table/confusion_matrix_table_2_90a6dfdb81c87d545c90.table.json","nrows":4,"_type":"table-file","artifact_path":"wandb-client-artifact://pbi0t2jsskscwoo6n6yo3cx6bs9quuneynfxhc2jhx0tjhccmf0lxau0kf375832xl2hz78u1qeoq224dec3i02exqln5c20fxmmvjdrjzwttyb7zq16g47d7jula0wj/confusion_matrix_table.table.json","log_mode":"IMMUTABLE"},"learning_rate":0.001,"best_epoch":9,"threshold":0.30779759497618636,"_wandb":{"runtime":43},"_timestamp":1.752187926655935e+09,"feature_count":38,"feature_strategy":"combined","final_loss":0.3075951635837555,"batch_size":64,"total_epochs":11,"threshold_percentile":90,"final_auc":0.6989609179931879,"activation_fn":"relu","sample_count":22580,"_step":3,"_runtime":43,"latent_dim":8,"precision":0.17094774136403898,"recall":0.3287904599659284}