{"sample_count":22580,"final_auc":0.7096754464390168,"final_loss":0.3577220141887665,"_runtime":66,"feature_count":38,"learning_rate":0.01,"precision":0.21884882985452245,"recall":0.29471890971039183,"best_loss":0.3484359681606293,"threshold_percentile":93,"_step":2,"total_epochs":15,"final_sweep":true,"_wandb":{"runtime":66},"feature_strategy":"combined","_timestamp":1.7522166230306542e+09,"confusion_matrix_table":{"path":"media/table/confusion_matrix_table_2_7fb93f24addf82da1100.table.json","sha256":"7fb93f24addf82da1100c217570890c3ccd764214690644906880ad8ace78c5a","artifact_path":"wandb-client-artifact://49v1ekc91twvcz6bce3uywn5x9tmipd61v1b7kw9q267nb50l6z2ipk12x9yc65zk8b7rgt2n2zb6ugq7q9auyv733ri82ws4zf5vxfvsqigyeo8706ti2o9rqx7lv0k/confusion_matrix_table.table.json","_latest_artifact_path":"wandb-client-artifact://vghaniomab5e05esn6ihs0b1h4mv0luk7os6cz85w9v8vy9nn1gmp488n6871dw8l10yh0xrsf9dn33c4ciheybed2m3dmivn2fsqgvstjzp5r5nvrzzfq1n0t5r7ukx:latest/confusion_matrix_table.table.json","_type":"table-file","nrows":4,"ncols":3,"size":189,"log_mode":"IMMUTABLE"},"threshold":0.38502008886895717,"best_epoch":6,"fraud_ratio":0.05199291408325952}