{"feature_count":38,"final_sweep":true,"total_epochs":23,"sample_count":22580,"_timestamp":1.7522667944759314e+09,"threshold":0.2797056976877865,"threshold_percentile":91,"precision":0.18642400393507133,"learning_rate":0.005,"final_auc":0.6948342032142113,"best_epoch":21,"_runtime":64,"_wandb":{"runtime":64},"best_loss":0.29097461700439453,"_step":2,"fraud_ratio":0.05199291408325952,"final_loss":0.29222580790519714,"recall":0.3228279386712095,"confusion_matrix_table":{"artifact_path":"wandb-client-artifact://9teohocr7t13ra1qbd32zlrwwxvrq0b93yke8pp8cp61ojx6pjulghr6zu44w86d8f181rvyqym8yx8riyphfw3jmw3mnd95854x180py6etmg39rcvpn4f0ugikl825/confusion_matrix_table.table.json","nrows":4,"size":189,"sha256":"27df78261ffd5c9920b509f857f3fb3c4aa9c03a2a1d79c575520e9c6a1d8754","path":"media/table/confusion_matrix_table_2_27df78261ffd5c9920b5.table.json","_latest_artifact_path":"wandb-client-artifact://729uf7i9b8k3ee2d6xivag8su94o46m6h6cyw7r28nirjrl9ka15un5gr08jrff718ccu9mh2uevifz5270pyv87x990vchehflrid7zyr8akob10m485ppezzfsag5l:latest/confusion_matrix_table.table.json","_type":"table-file","log_mode":"IMMUTABLE","ncols":3},"feature_strategy":"combined"}