{"sample_count":22580,"_timestamp":1.7522684697430265e+09,"total_epochs":16,"best_loss":0.31542518734931946,"_wandb":{"runtime":62},"learning_rate":0.008,"feature_strategy":"combined","fraud_ratio":0.05199291408325952,"_step":2,"final_sweep":true,"confusion_matrix_table":{"artifact_path":"wandb-client-artifact://p5b0xriuke916d9lyagn38b53dt2te5o4wyeo5fe69o6v2it9g5fd0gm0rkvun5it8tpa8hkoapty2a0wlwg5php0grtwtxkyc7t9mcm36jj7ct8w5xykpm7wijaalh3/confusion_matrix_table.table.json","sha256":"4bcd20da95a41cf311f3f9e1b928d3e8dfc1ec97d9eaf78b07e2861f891e18d4","path":"media/table/confusion_matrix_table_2_4bcd20da95a41cf311f3.table.json","_type":"table-file","nrows":4,"ncols":3,"size":188,"log_mode":"IMMUTABLE","_latest_artifact_path":"wandb-client-artifact://2bx9m6roc2f9h8fjr8bhg3rng2syhbimq8lah5021t0t6uowh08unvfgw40ln97soi7tjel6l28rrqd396gacdv7juiil1kn36amy2oeahvmidq9u9v3u0khdfj3jren:latest/confusion_matrix_table.table.json"},"precision":0.2612931798051373,"recall":0.2512776831345826,"best_epoch":15,"feature_count":38,"final_loss":0.31542518734931946,"threshold_percentile":95,"threshold":0.4414683561421951,"_runtime":62,"final_auc":0.6979735577011078}