{"threshold":1.0106148294884387,"final_auc":0.7055419670104753,"fraud_ratio":0.05199291408325952,"recall":0.20783645655877342,"sample_count":22580,"final_sweep":true,"best_epoch":12,"learning_rate":0.015,"threshold_percentile":97,"_timestamp":1.7522174645193725e+09,"confusion_matrix_table":{"ncols":3,"_type":"table-file","path":"media/table/confusion_matrix_table_2_b00983feba38708c17cd.table.json","log_mode":"IMMUTABLE","_latest_artifact_path":"wandb-client-artifact://jhu92lms2y8s3alpdofkb62in4s3l5cvwoq5rari4trmm3sre09ghzm4w6lpnwz39b01l1bepergl432oeapk114r0i5qmk9lwnuj3651vik9907t8v9s9yz69r4qzv4:latest/confusion_matrix_table.table.json","size":188,"artifact_path":"wandb-client-artifact://4vbat79g0l8phl38zlv53kwpcrpi2plq0wxqdfjwwcaq58v6brmdbltrdmqkf7pkpfmt1bmjovvfbehf3hdotgi13m8yj2c2mwfq7drqm4bi4d80b8z82yg0uhdfbq44/confusion_matrix_table.table.json","sha256":"b00983feba38708c17cde5dcdb1741b8995faf84c1f7e76f726ac6b6a1903de1","nrows":4},"best_loss":0.31181007623672485,"_wandb":{"runtime":66},"precision":0.35988200589970504,"total_epochs":14,"feature_strategy":"combined","final_loss":0.3118444085121155,"feature_count":38,"_step":2,"_runtime":66}