{"total_epochs":11,"_runtime":44,"learning_rate":0.005,"final_sweep":true,"_step":2,"_timestamp":1.7522554787688088e+09,"fraud_ratio":0.05199291408325952,"recall":0.11754684838160136,"feature_strategy":"combined","feature_count":38,"final_auc":0.7002674503685621,"threshold":2.289179724470792,"precision":0.6106194690265486,"final_loss":0.35297802090644836,"threshold_percentile":99,"best_epoch":9,"confusion_matrix_table":{"artifact_path":"wandb-client-artifact://mm2thrwvxnt9dum399wt7mo87h8q8qsqwl4xlt7tfkj40y4lbbjwmq8w0vok50vzno8m9zo7ukixu6sq8xw3eo56dkzs3k3grw1s5i4fwz8iqg8gqk04oriyk2dk4ki6/confusion_matrix_table.table.json","_latest_artifact_path":"wandb-client-artifact://vgfz2n519eguh1xu3x9yrszogveetdoh9s0fctoia9250e98butbsn3c8kinjnyauxtuvhq8shf8if68u1y2seij0rd7zsk08j1katm34kq5wp42kzxwirdocydxt5wv:latest/confusion_matrix_table.table.json","sha256":"912f4016095c1303d41542a7c3ca996ef832d677daf70fd560743acff107d1ee","size":188,"nrows":4,"log_mode":"IMMUTABLE","_type":"table-file","ncols":3,"path":"media/table/confusion_matrix_table_2_912f4016095c1303d415.table.json"},"best_loss":0.3512081801891327,"_wandb":{"runtime":44},"sample_count":22580}