{"feature_count":38,"feature_strategy":"combined","recall":0.272572402044293,"_wandb":{"runtime":41},"sample_count":22580,"precision":0.20240354206198607,"final_loss":0.3345271646976471,"best_epoch":8,"best_loss":0.3344954252243042,"_step":2,"total_epochs":11,"threshold_percentile":93,"_runtime":41,"threshold":0.48145774491462795,"fraud_ratio":0.05199291408325952,"final_auc":0.6902580769517885,"final_sweep":true,"learning_rate":0.005,"_timestamp":1.7522553281885228e+09,"confusion_matrix_table":{"artifact_path":"wandb-client-artifact://mdn7747wktmicwlrdp3lqpel0eh2yfkif5j4c344qt6dkso3ymsh6o14tw0nzf5mzwlp8fzetefjj7v597cec92bdibj3rmfhwm7d477e9l7dy86kji5cp15xcvcb3tt/confusion_matrix_table.table.json","_type":"table-file","nrows":4,"path":"media/table/confusion_matrix_table_2_61363eefc41508b49ba0.table.json","log_mode":"IMMUTABLE","ncols":3,"sha256":"61363eefc41508b49ba0e2351d00481d0c1a255b6e9363e58c714c7ed35fc839","size":189,"_latest_artifact_path":"wandb-client-artifact://qswnnkl93oqot38i0pa095iptehwkb28zrj0qhbdqnv0b4zmcko65g102ixolaflvcgzjeu5xbb6bbvo5rhzlsozq2x3dxewayliaxjhgma6qjclrn9zsyraq64l8m2q:latest/confusion_matrix_table.table.json"}}