{"best_loss":0.2972409725189209,"threshold":1.6804167590446286,"final_loss":0.2972409725189209,"sample_count":22580,"_wandb":{"runtime":64},"_timestamp":1.7522672876460092e+09,"final_sweep":true,"feature_count":38,"threshold_percentile":99,"learning_rate":0.008,"_step":2,"recall":0.11669505962521294,"precision":0.6061946902654868,"confusion_matrix_table":{"size":188,"_type":"table-file","ncols":3,"nrows":4,"artifact_path":"wandb-client-artifact://pvd5dbhpo9p7jkh5qddp98ke6rh0aen27fb1eylcd7wjjfvly5be0u90eo7xit79vk95odg61mv5qw4lwiardtaiu6ckazpchcy1fq2icogxg6d6j18ivwumz9dsfeal/confusion_matrix_table.table.json","log_mode":"IMMUTABLE","path":"media/table/confusion_matrix_table_2_c6489985d1375b484c38.table.json","sha256":"c6489985d1375b484c388ab9648587cbed48c4c3e1fec6ef04863d9a07b49615","_latest_artifact_path":"wandb-client-artifact://altxrmigdsoctpb07cbo4ph0lj4auv680k8qg2u1oaty0zkdfh6qcx0zg2c1rmfm5ta2xz03zx8sooa7io5zv12xdafw91ssdi5e42e5f3h8jzxpi0lsnieon3k7hjpg:latest/confusion_matrix_table.table.json"},"fraud_ratio":0.05199291408325952,"best_epoch":18,"_runtime":64,"total_epochs":19,"feature_strategy":"combined","final_auc":0.7160855089905377}