{"_runtime":77,"_wandb":{"runtime":77},"total_epochs":27,"threshold":0.397510989689025,"best_loss":0.31423354148864746,"_step":2,"learning_rate":0.012,"threshold_percentile":93,"feature_count":38,"sample_count":22580,"final_sweep":true,"feature_strategy":"combined","recall":0.2836456558773424,"_timestamp":1.7522677438499768e+09,"best_epoch":25,"final_auc":0.6963861729926221,"fraud_ratio":0.05199291408325952,"confusion_matrix_table":{"nrows":4,"log_mode":"IMMUTABLE","path":"media/table/confusion_matrix_table_2_d68d4b26ff8f2f3e368e.table.json","_latest_artifact_path":"wandb-client-artifact://ov1zla75weks1rqld819wtm8ezfmebh67vpfhftmgvuyeypgndpun27bn2pfx7l51dnwiuwq5fg0g3az66j1y7um5n3z0296lj7ufpxjfdatxpxoivgqycluryqmwpjw:latest/confusion_matrix_table.table.json","artifact_path":"wandb-client-artifact://7c7k4efsw7klu6iricvffi3nkiopq80sdhw7hzgoyfrfvova1buhoqop381vqlujx0jpdgu63r29y27qqt816n78psgktf8kn35kab36edjpe8f4odlmvd8niz35y4yv/confusion_matrix_table.table.json","size":189,"_type":"table-file","sha256":"d68d4b26ff8f2f3e368e47e24dc398c6b78a84a8a06b49c40e665550c90e3e59","ncols":3},"precision":0.21062618595825428,"final_loss":0.31550583243370056}