{"current_roc_auc":0.730385576666424,"config_name":"config_001_log_natural","epochs_trained":25,"_runtime":117,"time_taken":84.6804211139679,"feature_count":36,"roc_auc":0.730385576666424,"_timestamp":1.7536122897802906e+09,"_step":1,"best_roc_auc":0.730385576666424,"_wandb":{"runtime":117},"best_config":"config_001_log_natural","current_config":"config_001_log_natural"}