{"_wandb":{"runtime":47},"total_epochs":12,"_runtime":47,"_timestamp":1.7522566053986907e+09,"best_epoch":10,"precision":0.37168141592920356,"recall":0.21465076660988075,"confusion_matrix_table":{"sha256":"3806d3627881532238eaeac5fe2d5322873348930c874e91bd2e0a98b15387ea","nrows":4,"artifact_path":"wandb-client-artifact://iram7jul5i81z7odb7urszzd06y1vj1n2hv9oqty4i59jm37mztin385layw3gi03vig529z0lu02dxllb848x7e3jr7hd38vb0arzn6z8n8k70lf72p7yf3qjifz4ry/confusion_matrix_table.table.json","ncols":3,"log_mode":"IMMUTABLE","path":"media/table/confusion_matrix_table_2_3806d3627881532238ea.table.json","_latest_artifact_path":"wandb-client-artifact://xq0kkkos8veejak5nqxoippkcbut7yqc4tf1qv5leb7jw6aviqy2b5sm53xm8vfug1ijsjx1amds8j8uskaxo1ycjo1lmo1pjhl5ri339g4rp47nsgbxi36v3oqeexkl:latest/confusion_matrix_table.table.json","size":188,"_type":"table-file"},"sample_count":22580,"learning_rate":0.015,"_step":2,"fraud_ratio":0.05199291408325952,"final_auc":0.6943171054430599,"final_sweep":true,"threshold":0.8233804919234509,"final_loss":0.35476744174957275,"threshold_percentile":97,"feature_count":38,"feature_strategy":"combined","best_loss":0.3437175154685974}