{"confusion_matrix_table":{"log_mode":"IMMUTABLE","path":"media/table/confusion_matrix_table_2_435ff4c9c9583015c4d3.table.json","_type":"table-file","nrows":4,"artifact_path":"wandb-client-artifact://gtpol1iyyz3njl6hmpv3odlcc005dzn0dp2appg91gdjllwqo7fzvq5dwhkxuns4hnra87ebubuq2rvwpua0n4bqimkud82523am4hp7nd4y7w8xcd40c78wpix421xn/confusion_matrix_table.table.json","_latest_artifact_path":"wandb-client-artifact://hl13p3ylvm2tstqqz6v902iqkk8aifg7cevivdie2goyhl45gviyzapidd948xxn5j22qci0vhdfbnc1lqah1x1abbu4baav65e4ot1bps2fen72c7rncihd4ah362av:latest/confusion_matrix_table.table.json","ncols":3,"size":189,"sha256":"435ff4c9c9583015c4d34f62151fadb3d23fe4b5ff424f3e5ede2a7305b6c3fd"},"total_epochs":12,"final_auc":0.6911153570119413,"recall":0.09880749574105621,"best_epoch":11,"threshold_percentile":99,"feature_count":38,"_timestamp":1.7522563858545084e+09,"sample_count":22580,"precision":0.5132743362831859,"_wandb":{"runtime":46},"learning_rate":0.012,"best_loss":0.3140593469142914,"feature_strategy":"combined","final_sweep":true,"final_loss":0.3140593469142914,"threshold":2.781092097402915,"_runtime":46,"_step":2,"fraud_ratio":0.05199291408325952}