{"confusion_matrix_table":{"path":"media/table/confusion_matrix_table_2_267095c93aa43faaaef1.table.json","size":189,"ncols":3,"_latest_artifact_path":"wandb-client-artifact://lv0knjjf0aoqpoxq7nl0embfbfru3tz1r8dzk7lzijsle5fl5sn74fyf9fka38677dynrqvtcxkx9vkwh95cd4xr3y1rhbx3hyguejm49dvo5jokksceot28joxz1wxj:latest/confusion_matrix_table.table.json","log_mode":"IMMUTABLE","nrows":4,"_type":"table-file","sha256":"267095c93aa43faaaef1a9815af6217f0f405bb8262a2d2339327c59bb10d229","artifact_path":"wandb-client-artifact://i1k2278v1tvags4sb02ribtntg078sov5kxbes16de4f1uh0uux8i559fflbf048p4xaz665w6dhub3b563yez1bac3028p30flyiijpwe2iv7u1d73y8imy17528aoe/confusion_matrix_table.table.json"},"fraud_ratio":0.05199291408325952,"recall":0.3373083475298126,"feature_strategy":"combined","final_sweep":true,"sample_count":22580,"total_epochs":14,"threshold_percentile":91,"final_auc":0.704602794898531,"_wandb":{"runtime":63},"feature_count":38,"final_loss":0.35809525847435,"best_epoch":12,"best_loss":0.3486701250076294,"_step":2,"_runtime":63,"learning_rate":0.015,"_timestamp":1.7522172606927094e+09,"threshold":0.33839232327245433,"precision":0.19478603049680276}