{"feature_strategy":"baseline","recall":0.18739352640545145,"threshold":0.09833219700126736,"_step":12,"_timestamp":1.7514488100825942e+09,"loss":0.11569487303495407,"_wandb":{"runtime":14},"epoch":9,"fraud_ratio":0.05199291408325952,"precision":0.19486271036315322,"best_epoch":10,"feature_count":9,"sample_count":22580,"final_auc":0.6242388376517529,"confusion_matrix_table":{"path":"media/table/confusion_matrix_table_2_2e704909fe44eb9b8604.table.json","ncols":3,"_type":"table-file","nrows":4,"_latest_artifact_path":"wandb-client-artifact://5ismwagxx1t72abqyv7e9lq2yok9wsd2t1ot6xjbvarfzx4n5eourhgv74vagwsvux1i0ko1ndxwam5k0j8qqq7rmgvndxytls225emqo3e6su388vc2dv8lvzeh9a3s:latest/confusion_matrix_table.table.json","log_mode":"IMMUTABLE","sha256":"2e704909fe44eb9b8604c6b8729bab65b8d529e6ff2160d1560ac3cae8aa2e87","size":188,"artifact_path":"wandb-client-artifact://6g6e4souzq9lryt3i58e626k3juq9npr7h0rip45v6958x54l3yque2o3fvy636zhqrrebs4vbmtjyjpvqj07egvhxz80g8i2xy2nba0map66b4e1adodi021qgbze9h/confusion_matrix_table.table.json"},"val_loss":0.04647175967693329,"_runtime":14}