{"final_auc":0.6147646275996748,"recall":0.20528109028960817,"_timestamp":1.7514359685967453e+09,"sample_count":22580,"_step":12,"feature_count":11,"loss":0.11111605912446976,"threshold":0.05158199114449978,"epoch":9,"_runtime":31,"feature_strategy":"combined","confusion_matrix_table":{"log_mode":"IMMUTABLE","artifact_path":"wandb-client-artifact://92zv0afhw9yn1jib50x6hw8bjmjevdgs62c4y82to95noqrz1rrmy1mrgn4mggb4oiq5ndzes84y82jgd625puxk1kgadijmrfsu45gqns0j6jo75tp7n6kxa3nveoui/confusion_matrix_table.table.json","_latest_artifact_path":"wandb-client-artifact://f63393v1o7qljr0ksmjvu05r0fx5bkmt4o9wi0jadv66ztqxtotw8u7ir1i1xqkscrfvplttjixmcax2oa8fix4u6fildmkozzw5j0xu2s243m3e3ll8nhjoc5gh0h85:latest/confusion_matrix_table.table.json","nrows":4,"ncols":3,"size":188,"_type":"table-file","path":"media/table/confusion_matrix_table_2_e881c29ae18963bb4406.table.json","sha256":"e881c29ae18963bb4406056033ec8720ff2a371e801dad2005daee992dafed29"},"best_epoch":10,"fraud_ratio":0.05199291408325952,"val_loss":0.021155010908842087,"precision":0.21346324180690876,"_wandb":{"runtime":31}}