{"learning_rate":0.015,"_timestamp":1.7522170746933684e+09,"final_loss":0.3575837016105652,"best_epoch":8,"_wandb":{"runtime":57},"sample_count":22580,"feature_count":38,"best_loss":0.3550742566585541,"total_epochs":12,"final_sweep":true,"threshold_percentile":92,"threshold":0.42774748588538636,"recall":0.34071550255536626,"final_auc":0.7322707289156617,"precision":0.22136137244050913,"feature_strategy":"combined","_runtime":57,"fraud_ratio":0.05199291408325952,"confusion_matrix_table":{"size":189,"_type":"table-file","sha256":"c42b63bd14cc53488705a5ed5cc709e9a03bf0d55ec9aabc726a2da2b517df9e","path":"media/table/confusion_matrix_table_2_c42b63bd14cc53488705.table.json","nrows":4,"_latest_artifact_path":"wandb-client-artifact://j1zhpm8wc7pq9icl4az7829uny00wrhyztxwi1efvp00e43g45khecnxmg322g3mhrj4rh9j11q6y09q4xk3y732zan84783mbs7qmwntlb35osmnnrgqk4es9f3kgww:latest/confusion_matrix_table.table.json","artifact_path":"wandb-client-artifact://b2tez7dwohcrt6es8a6lzct9xp3f14vktyzyzrekacslaklg8u7ipoyy2y9v9mhnwfkgulqhkj2skq1x8ce99os7g1vagv3g1qkvw0thjxu1dxgbzvmdiclp6bwcjkeg/confusion_matrix_table.table.json","ncols":3,"log_mode":"IMMUTABLE"},"_step":2}