{"threshold_percentile":95,"total_epochs":14,"sample_count":22580,"recall":0.262350936967632,"_wandb":{"runtime":52},"confusion_matrix_table":{"ncols":3,"artifact_path":"wandb-client-artifact://xjib8486z4xw3os91j8aobgftend214lxzjy8z0k9vey9fhh7fcoqxsu1i36a7ftbblr4btvu9vi69rapuosxqdhgfizofylpqb8yuead51p9hpvwoal0i3gvjzjx8xm/confusion_matrix_table.table.json","nrows":4,"path":"media/table/confusion_matrix_table_2_b6c317e4caa6bfe5282f.table.json","_latest_artifact_path":"wandb-client-artifact://01cle10mn25m2cecsn27nn8rkickfzbz3gf3kquzzttbld56s416zmr2v1d8ol4w8v0h9r0wjoy7xpqptqh16njpntoqv0aa0r46zcpsvk5u954lbgkctuo3i8eap6hi:latest/confusion_matrix_table.table.json","log_mode":"IMMUTABLE","sha256":"b6c317e4caa6bfe5282f188dd2b649b4b746e4d0f304716309161262388f92ac","size":188,"_type":"table-file"},"final_sweep":true,"learning_rate":0.01,"threshold":0.5469540360147576,"best_loss":0.3526463806629181,"_step":2,"fraud_ratio":0.05199291408325952,"final_auc":0.7140489913429994,"precision":0.2728077945084145,"final_loss":0.3526463806629181,"_timestamp":1.752267479631517e+09,"best_epoch":13,"feature_count":38,"_runtime":52,"feature_strategy":"combined"}