{"final_auc":0.7032852401235719,"best_loss":0.3487280607223511,"fraud_ratio":0.05199291408325952,"sample_count":22580,"final_sweep":true,"confusion_matrix_table":{"path":"media/table/confusion_matrix_table_2_57d918bf288c1367538c.table.json","_type":"table-file","nrows":4,"artifact_path":"wandb-client-artifact://36fnygkuylhe1jonwagoh815mh1c1sbcg4ftu9sf0vkynyzqlx5kunboisvtpvzuz39nt98asw8hq2jb0gx8hv4cu1l0ye2tacej5vsj3faiscyetyckmivjurj70skl/confusion_matrix_table.table.json","ncols":3,"log_mode":"IMMUTABLE","size":188,"_latest_artifact_path":"wandb-client-artifact://ju7xnnb3bg0w2ka6jutdu902zzt612cw3tz4rmdhqthuvnsd250rs1z6hou3dafydp09wzv2k8a2wc90opthgx95rhui6blj2tc5vaocposcnnmsqx87j63qhvq51lyk:latest/confusion_matrix_table.table.json","sha256":"57d918bf288c1367538c997e49792d266e97d7976bc7655facae97027cad9e39"},"final_loss":0.35071489214897156,"best_epoch":10,"feature_count":38,"recall":0.21890971039182283,"precision":0.37905604719764013,"threshold_percentile":97,"threshold":0.6747873605729915,"feature_strategy":"combined","_wandb":{"runtime":50},"learning_rate":0.015,"_step":2,"_timestamp":1.7522191171149023e+09,"total_epochs":15,"_runtime":50}