{"final_loss":0.3156372010707855,"final_auc":0.7024572868088855,"feature_strategy":"combined","_step":3,"best_epoch":15,"best_loss":0.3156372010707855,"batch_size":128,"threshold_percentile":95,"precision":0.2745792736935341,"feature_count":38,"total_epochs":16,"learning_rate":0.005,"sample_count":22580,"_runtime":49,"confusion_matrix_table":{"log_mode":"IMMUTABLE","size":188,"nrows":4,"_type":"table-file","artifact_path":"wandb-client-artifact://77yjpsf978jvzvr29s2wpgl65dek0p9cw55p1qrjmieq1sn2g5v6qc8ii0324557ant5g7j049us7ef8wkrumuyexku3tbxjswkafpaxnht68uzmnw0q4sl4jhicb4yy/confusion_matrix_table.table.json","ncols":3,"path":"media/table/confusion_matrix_table_2_0e23725648b2534a7507.table.json","sha256":"0e23725648b2534a750739359005931963291628766f7f945478ec4a96a91df3","_latest_artifact_path":"wandb-client-artifact://e4hxswcr81l8bgft7reir2rqcfjhyokbv0vp0idojfvu90qhhu5720rkm9si8wtpz6egj86qyyjsnhnq3ssc7basvt1psojam1b8sfp8vj9utysbw4yvjbxcc6uj84nm:latest/confusion_matrix_table.table.json"},"sweep_stage":"broad","activation_fn":"leaky_relu","fraud_ratio":0.05199291408325952,"recall":0.26405451448040884,"epochs":10,"latent_dim":8,"_timestamp":1.752187879220929e+09,"_wandb":{"runtime":49},"threshold":0.44552025283570335}