{"recall":0.25468483816013626,"_runtime":50,"feature_count":38,"best_epoch":9,"learning_rate":0.015,"best_loss":0.34596672654151917,"final_auc":0.7028005330862194,"total_epochs":13,"feature_strategy":"combined","final_loss":0.3549022674560547,"_wandb":{"runtime":50},"threshold":0.5828575127216592,"_timestamp":1.7522565527326496e+09,"confusion_matrix_table":{"size":188,"log_mode":"IMMUTABLE","_latest_artifact_path":"wandb-client-artifact://rsiy9qtwa0n2mw273jj4lzc56uxdueqp114ktgkqhhjkwr18daz5ea9h1reokjgkfeahnia9b6njgkecvczlu3wi5frl1ihtdcalk1o8pd0ur0j5a4kw32b3ybb3kwen:latest/confusion_matrix_table.table.json","path":"media/table/confusion_matrix_table_2_ce83d78c20d9da6c0028.table.json","_type":"table-file","sha256":"ce83d78c20d9da6c0028d5b8ef6a6eb9521227bbdf8a7b88a20c2756300a4aa6","nrows":4,"ncols":3,"artifact_path":"wandb-client-artifact://i4y757270dlv0jk7zass3s4ubyua4g6lth73apn4glv4a2dp024r8qh29r2kvrh2s66bcol9hzetfjvc3oikgko8tknxdwk8yoyquqjnm5lgzuotu2ojn9683eplq8cb/confusion_matrix_table.table.json"},"final_sweep":true,"fraud_ratio":0.05199291408325952,"threshold_percentile":95,"sample_count":22580,"precision":0.26483613817537643,"_step":2}