{"precision":0.3834808259587021,"feature_strategy":"combined","_runtime":49,"_timestamp":1.7522672185116274e+09,"threshold_percentile":97,"sample_count":22580,"best_loss":0.3126661777496338,"best_epoch":12,"confusion_matrix_table":{"log_mode":"IMMUTABLE","path":"media/table/confusion_matrix_table_2_dc468447c464ee3c26be.table.json","size":188,"artifact_path":"wandb-client-artifact://zobc36jwdxmgocsaexf3ngr12w6u0g7angldr9qvr8jtl7s0t5skhqb22u2phlx4ow93g36jf4x6m3qukwfg7odeln89a9r9m21wtn73hxix0m4t2yn4avossurwz9az/confusion_matrix_table.table.json","nrows":4,"sha256":"dc468447c464ee3c26be2cb2c3a764fc9de17c94820284e39b013e655f795f76","_type":"table-file","_latest_artifact_path":"wandb-client-artifact://9bwtfvu9n7rio3cns0rwqn5rdcf27fypmwhjas6tc05lnx31brch0919rdtox0zn1cz2ll6gk58sjm6byuqngcg2kx5hca4w8hmvho7ofw313wimoumznxikwn6hwnez:latest/confusion_matrix_table.table.json","ncols":3},"final_sweep":true,"fraud_ratio":0.05199291408325952,"final_auc":0.7009142304510779,"recall":0.22146507666098808,"_step":2,"learning_rate":0.008,"feature_count":38,"total_epochs":14,"final_loss":0.31339287757873535,"threshold":0.7456315205846974,"_wandb":{"runtime":49}}