{"final_sweep":true,"feature_count":38,"sample_count":22580,"learning_rate":0.005,"threshold_percentile":95,"final_auc":0.7097950613601466,"_wandb":{"runtime":53},"precision":0.25863596102745795,"confusion_matrix_table":{"log_mode":"IMMUTABLE","_type":"table-file","nrows":4,"sha256":"875426c71f7a5002a070fdb8085b0b8b03bd3932806ef0a4b10fda991b7dad2e","_latest_artifact_path":"wandb-client-artifact://cbj1j0jq83fx1cu9mu3tawsd9qm3umgv1i62xwj6sjvsrp9s6djn5b56ocf0kmiq50h1fdjp1xn0f83jioftyzutx73yz4uh7svbe7z06stmeh67hsnxcxbw1libqhrd:latest/confusion_matrix_table.table.json","artifact_path":"wandb-client-artifact://qt4fg3uq5fnsczy2rgo1dmyzu6m4mhtpjdqq2v55eiixgqkqcy7hu7kkcczz7534492f4smn3gzjezuv5o0mh9qb7isbagk7jzzi0kmmzqsvsoyv87jgzvu3i35rgzd6/confusion_matrix_table.table.json","size":188,"ncols":3,"path":"media/table/confusion_matrix_table_2_875426c71f7a5002a070.table.json"},"_runtime":53,"_timestamp":1.7522159226110933e+09,"threshold":0.5695101013062878,"final_loss":0.3545840382575989,"best_epoch":7,"fraud_ratio":0.05199291408325952,"feature_strategy":"combined","recall":0.24872231686541738,"best_loss":0.35139670968055725,"total_epochs":11,"_step":2}