{"threshold":0.420697314270485,"feature_count":38,"best_epoch":14,"_timestamp":1.752216133933365e+09,"final_loss":0.31547534465789795,"feature_strategy":"combined","recall":0.27512776831345825,"total_epochs":15,"threshold_percentile":94,"fraud_ratio":0.05199291408325952,"final_sweep":true,"best_loss":0.31547534465789795,"_runtime":67,"_step":2,"learning_rate":0.01,"confusion_matrix_table":{"sha256":"8c85b54e118e17f33d69321b893f4cb418f407e2966e793c9c7714d7d360d987","artifact_path":"wandb-client-artifact://th8ofssy2mzkakhon7xd3yecg0s28royv9ybmdwbxvqyz7pddh6ats4ejw7824rahgetmdu0rmuc5do786wio3p3ygnwkjd40b4gbvc7gp5rhgvqt81j5mkt4lcz0kyf/confusion_matrix_table.table.json","size":189,"_type":"table-file","_latest_artifact_path":"wandb-client-artifact://pix44dch9waa3x8mbzgktrddpidzs4x6m5lmaijaa1i84m6sqhsapfjtt8tcun6rnjx4o7zgo5vvluj6syysxp6c98nh8ydaz2qjzdm6f2mrzyieguuq9drrgaax5tej:latest/confusion_matrix_table.table.json","path":"media/table/confusion_matrix_table_2_8c85b54e118e17f33d69.table.json","nrows":4,"ncols":3,"log_mode":"IMMUTABLE"},"sample_count":22580,"final_auc":0.7109647488540285,"_wandb":{"runtime":67},"precision":0.23837638376383763}