{"sample_count":22580,"learning_rate":0.008,"fraud_ratio":0.05199291408325952,"best_loss":0.3063580393791199,"feature_strategy":"combined","final_loss":0.30902114510536194,"recall":0.21294718909710392,"final_sweep":true,"total_epochs":19,"threshold_percentile":97,"_timestamp":1.7522689886386855e+09,"feature_count":38,"best_epoch":17,"threshold":0.730530244575464,"confusion_matrix_table":{"sha256":"a948d705664606e6e1aec330a7e736aa24f6a3931951a875e4519df65e0f644c","ncols":3,"_latest_artifact_path":"wandb-client-artifact://200gyr281uyzneqnl9k6t9t2mj1t7xespq2327ipiqtagfds266w4n1ys2cvxf0eywj62wyu19eatr7i32p8be7vv3f9maxkn8uyxng8fe7kt8dsfyv014cj9og5oftc:latest/confusion_matrix_table.table.json","size":188,"path":"media/table/confusion_matrix_table_2_a948d705664606e6e1ae.table.json","log_mode":"IMMUTABLE","_type":"table-file","artifact_path":"wandb-client-artifact://aukephcv0x0doc3uidnvgm5pqtog0c0fu4ri3aknvnfh1rsrftzo99tsllrqs5l5ghn6uat095f5e882vo0u1i9rwe0fbnejss88wmlpqwmt44gkvusim8yrcdev9c1q/confusion_matrix_table.table.json","nrows":4},"_wandb":{"runtime":77},"_step":2,"precision":0.3687315634218289,"final_auc":0.7216856440288597,"_runtime":77}