{"recall":0.22572402044293016,"feature_strategy":"combined","final_auc":0.7063413894208203,"precision":0.29314159292035397,"final_loss":0.35780414938926697,"feature_count":38,"best_loss":0.35661983489990234,"best_epoch":8,"threshold_percentile":96,"fraud_ratio":0.05199291408325952,"learning_rate":0.015,"_wandb":{"runtime":56},"final_sweep":true,"_step":2,"_timestamp":1.7522172884032128e+09,"confusion_matrix_table":{"artifact_path":"wandb-client-artifact://bai7n6xjntzlkms3ecni5o2dwge4uea924vwcr76fkbuo1ol494hjbk8a2xl5emvvdv7kcwywh56ahar1bjw3zuvux7z4zwerkxv33p54ke6uh9z9m71eb1ns4tw191y/confusion_matrix_table.table.json","ncols":3,"size":188,"nrows":4,"path":"media/table/confusion_matrix_table_2_702238ff05a77eb8e42b.table.json","sha256":"702238ff05a77eb8e42ba7406d95a54ac8c0979f95f01416ffb22209452c09a5","_type":"table-file","log_mode":"IMMUTABLE","_latest_artifact_path":"wandb-client-artifact://hnj4etpy7kfzw44z6lw8wql0e4xsowuonpyk7hji6c3cufb4s3hdohm5c8t4rlmioigszizw266yw1992f889v1l92me2dckmm1dqkfctcut8uk1nspymhd0onj8tuzi:latest/confusion_matrix_table.table.json"},"_runtime":56,"sample_count":22580,"threshold":0.6002446570330343,"total_epochs":11}