{"final_sweep":true,"confusion_matrix_table":{"nrows":4,"size":188,"artifact_path":"wandb-client-artifact://b2uh3fwphsak9ra4bf7rwbq6rbjofxs20l2oc54vk08ezb8lupjei7xq1ynoo68nefrg6k8yz76li6bhtdr4agfgmyubeyp6in5rb6bgdjwtg8mbqcgdl5oxk86p4db4/confusion_matrix_table.table.json","ncols":3,"_latest_artifact_path":"wandb-client-artifact://nz1ohtbblrpp1zzg82niu61snrxznz3b4tvg5cla4vmt5umwfts77pl45u7iirqekad2ru7f8mna45t01yh07mbq6nxibo9ap4z2z365pxp8gon5drzykkhnqoeh1wyq:latest/confusion_matrix_table.table.json","_type":"table-file","path":"media/table/confusion_matrix_table_2_66354f9d52607d6397fe.table.json","log_mode":"IMMUTABLE","sha256":"66354f9d52607d6397fec2a5027845084f39ac4b7daccf7c2879d8dbd5887069"},"feature_strategy":"combined","_wandb":{"runtime":53},"learning_rate":0.01,"_runtime":53,"best_loss":0.3529970645904541,"threshold":0.4874593699708884,"_step":2,"precision":0.2674933569530558,"final_loss":0.3529970645904541,"total_epochs":15,"_timestamp":1.7522559223672724e+09,"threshold_percentile":95,"feature_count":38,"recall":0.2572402044293015,"sample_count":22580,"final_auc":0.6961385072344346,"best_epoch":14,"fraud_ratio":0.05199291408325952}