{"final_auc":0.6412475143892055,"best_epoch":10,"confusion_matrix_table":{"artifact_path":"wandb-client-artifact://sjda0tmtn93tdo37u6ff7i6fq3qcczjbpyvxnetz1w12ryuan3f3xqcks00d19rj6tn2o1el5we1hc300kqye085oa8k3v96go1lgbf13wh9u451glzptg5k2psypane/confusion_matrix_table.table.json","ncols":3,"nrows":4,"size":188,"path":"media/table/confusion_matrix_table_2_12ab120469422b513d2b.table.json","_latest_artifact_path":"wandb-client-artifact://imedaf500zw9gywt1ia0ee6dgiu4axiu1y3bv31kgwuxxcpy5nyflto1dmt4der6ga76yfiygd7ouvn6fde3qlhta7s2f648btzwpyqioht414r2rjuhg59uzmsuyrh1:latest/confusion_matrix_table.table.json","sha256":"12ab120469422b513d2b5cc8489a97c21a3371e6fa5165c25b379a5425f7d98e","log_mode":"IMMUTABLE","_type":"table-file"},"_runtime":14,"_step":12,"_timestamp":1.7514488500025222e+09,"_wandb":{"runtime":14},"feature_count":10,"sample_count":22580,"recall":0.18568994889267462,"val_loss":0.044314902275800705,"feature_strategy":"behavioural","threshold":0.09582010654057493,"precision":0.19309123117803365,"epoch":9,"loss":0.12327346950769424,"fraud_ratio":0.05199291408325952}