{"feature_strategy":"combined","best_loss":0.3220069408416748,"learning_rate":0.01,"fraud_ratio":0.05199291408325952,"final_sweep":true,"best_epoch":14,"threshold":0.3210469838697631,"threshold_percentile":92,"confusion_matrix_table":{"_latest_artifact_path":"wandb-client-artifact://986ptve823tn56jf4ll2sykxjwwwuxpzrx21wxz6s4uhrhd3qhlgqfm2lrq99jh252hx9m5ag1lzvoqr5ev3f2sa934bl4b3kwkpa42cnykhb8frqgijo38raj3zqpou:latest/confusion_matrix_table.table.json","nrows":4,"_type":"table-file","log_mode":"IMMUTABLE","ncols":3,"size":189,"artifact_path":"wandb-client-artifact://n9is4cs3bu533gjckgjkx12a0l6lrmx7olij069ewxohxqprdevb57idw7uu8x2apqjigcirbl4twla9yzj8oyly8vbdctti8i27043h8db1c6t3tgr9xmruifyxce34/confusion_matrix_table.table.json","sha256":"34397afd0eb0923ff6365223d4563826e5f83351d301b7113367b5d4b80fa516","path":"media/table/confusion_matrix_table_2_34397afd0eb0923ff636.table.json"},"_step":2,"sample_count":22580,"_timestamp":1.7522160612263541e+09,"feature_count":38,"total_epochs":15,"final_loss":0.3220069408416748,"_runtime":68,"final_auc":0.708320288170888,"_wandb":{"runtime":68},"precision":0.2014388489208633,"recall":0.3100511073253833}