{"fraud_ratio":0.05199291408325952,"_wandb":{"runtime":16},"feature_strategy":"temporal","_step":12,"final_auc":0.632245238124419,"_runtime":16,"recall":0.2061328790459966,"feature_count":10,"epoch":9,"precision":0.21434898139946856,"confusion_matrix_table":{"size":188,"_latest_artifact_path":"wandb-client-artifact://x9peb9spe42am645jx3ngdmrpbtktr4mwle3syngals8ne7jggvt7wcj4o9woi6exugddwg9ohwkyrvti80k9sd3vxlvu50okiffb6a1yppgr32y4bmeno06u34k8skd:latest/confusion_matrix_table.table.json","path":"media/table/confusion_matrix_table_2_a35255d1fc175b0272f4.table.json","ncols":3,"_type":"table-file","sha256":"a35255d1fc175b0272f4a002a3149dee9d813819fe77550ef514d6825ae7048b","artifact_path":"wandb-client-artifact://jprts5shc1fld2cjmonwpuq8yonwy1t04hggot80c5bgjw7xkpnjlnoooryuw0bb6bwykrboqaysnckfedn4ya5e93k93ww2am4bdjyo3zv9ixhdh9rdkmasfgi5t05m/confusion_matrix_table.table.json","nrows":4,"log_mode":"IMMUTABLE"},"best_epoch":10,"val_loss":0.020993702113628387,"loss":0.12497179210186005,"threshold":0.046934343281678705,"sample_count":22580,"_timestamp":1.7514277203812208e+09}