{"final_loss":0.30658701062202454,"threshold":0.34705855982899503,"threshold_percentile":91,"final_sweep":true,"_runtime":83,"_step":2,"feature_strategy":"combined","recall":0.3185689948892675,"best_epoch":17,"final_auc":0.7029726337295613,"best_loss":0.30562275648117065,"confusion_matrix_table":{"artifact_path":"wandb-client-artifact://s3up4nmhw41cititstrrs6o2us5wye7enkpn179rvckdewk0y4kad3dx3fefnkefh7y7r38s4h20xzxbawu6pfkyra0k7t2xkj7avnvr2mur0prueu0606yifkmhkl79/confusion_matrix_table.table.json","path":"media/table/confusion_matrix_table_2_d16eeec156285ab2935e.table.json","size":189,"_type":"table-file","log_mode":"IMMUTABLE","nrows":4,"ncols":3,"sha256":"d16eeec156285ab2935ec9ef66a340404b591ee63667db0d1a98c84d23fb5354","_latest_artifact_path":"wandb-client-artifact://iv5m3g4n2lxkjcs4hlfu65l9jpgcqsx7zyp8u2q249ygehqnznjekydmm9xz0mf5uijpy4v43nlaf0o2ob332evng0n6o8kqa35pb44hzvxf7ycq593oqms32l2y9247:latest/confusion_matrix_table.table.json"},"feature_count":38,"precision":0.1839645843580915,"_timestamp":1.7522161712347863e+09,"total_epochs":21,"_wandb":{"runtime":83},"learning_rate":0.008,"sample_count":22580,"fraud_ratio":0.05199291408325952}