{"threshold_percentile":93,"feature_count":38,"learning_rate":0.015,"best_epoch":18,"recall":0.29557069846678025,"feature_strategy":"combined","final_sweep":true,"final_auc":0.708964640937972,"sample_count":22580,"fraud_ratio":0.05199291408325952,"_runtime":75,"total_epochs":19,"_step":2,"_wandb":{"runtime":75},"best_loss":0.3157450556755066,"threshold":0.3504579482983304,"precision":0.21948134092346616,"_timestamp":1.752269492987999e+09,"final_loss":0.3157450556755066,"confusion_matrix_table":{"_latest_artifact_path":"wandb-client-artifact://k3zxqv61h39av0k0sr34nht9omozvmzzjzclr4hl23cclrnfzgeljbl334646mpjd5cvzr6m55bvge7santep51aqvdu6mfjsus2whkmar58fuuj1vrkw0zl21sdphzk:latest/confusion_matrix_table.table.json","log_mode":"IMMUTABLE","artifact_path":"wandb-client-artifact://64k3i8nl0ufmybow3ptcq73tm50j0hl9drq8rh46ghm9hm6ullp5m04btpr84itcq2koud8ywpqmk02vn3p9k8vh2fgq0vk1dhmxea76fj5yv10aefltelzwcrdqw6y0/confusion_matrix_table.table.json","ncols":3,"_type":"table-file","sha256":"0d895eb6bd190e483bba6703284b7ba05a731966031ce0dcef2d0420eadb7d89","size":189,"nrows":4,"path":"media/table/confusion_matrix_table_2_0d895eb6bd190e483bba.table.json"}}