{"recall":0.19761499148211242,"val_loss":0.019013436511158943,"final_auc":0.6306570177827516,"_wandb":{"runtime":36},"_step":12,"threshold":0.04792033523127132,"precision":0.20549158547387067,"_runtime":36,"fraud_ratio":0.05199291408325952,"confusion_matrix_table":{"_type":"table-file","artifact_path":"wandb-client-artifact://yhplfoeiofmi4h7f92minjnyiw9iigzil33oh2yietc02vl43d63jfttkd1nd9tp305qy4awfwwu9kobw5k05971cvy6nqhkuyseqxfes886abkcjqnisnqriay19ol4/confusion_matrix_table.table.json","ncols":3,"_latest_artifact_path":"wandb-client-artifact://bzyvl8xmc10w6ctqrcndjked6aku95ychn4vvmdhgbg73mnqreztmq0lwuja54p6javrg1y43ivogvvv5lw7u1otwwamix3ngfmfvk78g39ymhs4ez3ujljsznzy4zm5:latest/confusion_matrix_table.table.json","sha256":"586917a0fab9d501ebc5705597e6ae7e9e407834ee7b67c1db48b6680129bcee","size":188,"log_mode":"IMMUTABLE","nrows":4,"path":"media/table/confusion_matrix_table_2_586917a0fab9d501ebc5.table.json"},"epoch":9,"feature_count":9,"feature_strategy":"baseline","best_epoch":10,"sample_count":22580,"loss":0.10726738721132278,"_timestamp":1.7514358378402665e+09}