{"_wandb":{"runtime":80},"recall":0.32964224872231684,"feature_strategy":"combined","_step":2,"confusion_matrix_table":{"_type":"table-file","_latest_artifact_path":"wandb-client-artifact://718gwgrkp7zpkg3sqbw9ct0xwl4ea2ar4q8ao9h3op4zmzyyb8t0svjt2mmb3fxague2nmt1dk1dktry01497w31138ap1z0qx1xa1l0xr3dxkze65j0bq3gk85ai6rm:latest/confusion_matrix_table.table.json","artifact_path":"wandb-client-artifact://99bpfttanldyznqiofs7a9t1aw879xyyshssjxdvufqyl5e3paktrux3loomenac5znkfur623tr9m8sziwbp5qyqn3e0fupepp1xgeya6sfzy0u2nxp0mnaruoeihmd/confusion_matrix_table.table.json","sha256":"21f42105bdb07354336c9159dd54f4831462e3ed72a5eab48b8e003a984238e2","size":189,"log_mode":"IMMUTABLE","nrows":4,"ncols":3,"path":"media/table/confusion_matrix_table_2_21f42105bdb07354336c.table.json"},"_timestamp":1.752218076797313e+09,"final_sweep":true,"sample_count":22580,"final_auc":0.7047708367521341,"_runtime":80,"total_epochs":28,"threshold":0.2509839640750487,"fraud_ratio":0.05199291408325952,"best_epoch":27,"best_loss":0.29802563786506653,"final_loss":0.29802563786506653,"feature_count":38,"precision":0.19035907525823906,"threshold_percentile":91,"learning_rate":0.008}