{"_step":2,"learning_rate":0.012,"best_epoch":18,"recall":0.10817717206132879,"sample_count":22580,"feature_count":38,"fraud_ratio":0.05199291408325952,"final_auc":0.7102856576218262,"feature_strategy":"combined","precision":0.5619469026548672,"_runtime":55,"_timestamp":1.7522698069840147e+09,"threshold":1.442190791279491,"best_loss":0.3087874948978424,"final_sweep":true,"final_loss":0.3087874948978424,"_wandb":{"runtime":55},"total_epochs":19,"confusion_matrix_table":{"size":188,"log_mode":"IMMUTABLE","artifact_path":"wandb-client-artifact://qg512runc1eqsfmvu5puvvtaqet0g42ymt99qg4hnf7sfa2s35i9fb6sw3ormgfneit2t1djtj85xlyj8u1q6457j5m7pn6li12uhfvue6rcztbqa1n671egi4gsdoum/confusion_matrix_table.table.json","_type":"table-file","path":"media/table/confusion_matrix_table_2_ba910c6e8694d64357c7.table.json","ncols":3,"nrows":4,"sha256":"ba910c6e8694d64357c71f16472ccd70b4f4109c7eac46ea3f02960e14a54929","_latest_artifact_path":"wandb-client-artifact://womu3jj7bildx6amh1ft4mlqt9evfiseoiwgzjqyiif4biuc0v10tkcqp06wgixbksz47m7tkse5w1nhdc2autcx6ghy2tqo4ox553xk3t2qgouy377w7oqb1l16088w:latest/confusion_matrix_table.table.json"},"threshold_percentile":99}