{"final_loss":0.35024136304855347,"threshold_percentile":99,"_step":2,"precision":0.6017699115044248,"best_loss":0.33842888474464417,"fraud_ratio":0.05199291408325952,"confusion_matrix_table":{"_type":"table-file","ncols":3,"sha256":"fe1fb829f79a267255a97ad203e9b60b00982c3855b0f9756d9f259678e670a2","nrows":4,"_latest_artifact_path":"wandb-client-artifact://mmmo0kqzlv6q9p4058yrjjy54zi3diq1iljfggvvvh6ac380ls7al7yuenqrso33m6ysayjzonr92n9yr5zbrg507orgh29v88au1a0z5bss4bzrywoo9kxdj3ssnnii:latest/confusion_matrix_table.table.json","path":"media/table/confusion_matrix_table_2_fe1fb829f79a267255a9.table.json","log_mode":"IMMUTABLE","size":188,"artifact_path":"wandb-client-artifact://zhp59jbckl3hxj2knewryi0dqzu45wrto99tli0th8dg5x00eehmb4i83pf1cdxsdzm0wc44g4civf6olutiy1mp41krbknlvsrfxfuztshglzm354ttu28w5jgh34eu/confusion_matrix_table.table.json"},"recall":0.11584327086882454,"learning_rate":0.005,"_wandb":{"runtime":60},"_runtime":60,"feature_count":38,"final_auc":0.7107649131474705,"sample_count":22580,"final_sweep":true,"total_epochs":20,"_timestamp":1.7522179912768412e+09,"threshold":1.5527438821086652,"feature_strategy":"combined","best_epoch":18}