{"feature_strategy":"combined","best_loss":0.3492191433906555,"_wandb":{"runtime":56},"sample_count":22580,"recall":0.2614991482112436,"confusion_matrix_table":{"nrows":4,"ncols":3,"sha256":"de4dbdac63f46b4a21703550ed11866c78042ecf3fac5bf26c614e53805c409a","path":"media/table/confusion_matrix_table_2_de4dbdac63f46b4a2170.table.json","artifact_path":"wandb-client-artifact://40gv7jlgu8za8f5j4cri3fmjv9r9qu6s5qi0thsp26txa1ytaftumk32424p2j8s9dlz08wysnh43a2ji7oj53oj1dsa3zv84rbkrtwq2pul28n59mno105eb0thk2t6/confusion_matrix_table.table.json","_latest_artifact_path":"wandb-client-artifact://phvgqr4btmmgofm32xchmh93bt8t94enwcyhncfblp8meivgc7onli841px8e8bawbn85h60nkguzshnkngtonoix3vljvqslgfm81hguhv1avmlvavqii17mz4ryfby:latest/confusion_matrix_table.table.json","_type":"table-file","log_mode":"IMMUTABLE","size":188},"final_loss":0.35564059019088745,"precision":0.27192205491585475,"total_epochs":12,"feature_count":38,"learning_rate":0.005,"final_auc":0.704542669101516,"threshold":0.5760277565094555,"final_sweep":true,"_runtime":56,"best_epoch":10,"_step":2,"_timestamp":1.7522680702701252e+09,"threshold_percentile":95,"fraud_ratio":0.05199291408325952}