{"final_loss":0.30970320105552673,"recall":0.3202725724020443,"_step":2,"final_sweep":true,"feature_count":38,"sample_count":22580,"total_epochs":12,"final_auc":0.7016341483330073,"confusion_matrix_table":{"ncols":3,"artifact_path":"wandb-client-artifact://iu3k5g84c15uuihzwfon1ppbhx85bcfpin1waovzeta0oaq7uty7j90l3lwnv80cxq108hlvxxxjhrwm77klf83yu5pi2p87jr6hn865w8a2u5jtdznqtno0ul4hpvjm/confusion_matrix_table.table.json","size":189,"nrows":4,"_type":"table-file","_latest_artifact_path":"wandb-client-artifact://1vk7prfy7f5cg81tni4m9k44xax5d1mkaihxgj2wbicj4e4xjkfh6upiksrtzvldhsgmr39cvcf8dhpel7oef5vyyf9rrhdka6zinytgm5e4o1prea3ovwj6hz6uajnm:latest/confusion_matrix_table.table.json","sha256":"3b6c6b265e99130b0d5d96131d5bd3be02b14a5c1968115575cb51b0cd400c36","path":"media/table/confusion_matrix_table_2_3b6c6b265e99130b0d5d.table.json","log_mode":"IMMUTABLE"},"learning_rate":0.012,"threshold_percentile":91,"_runtime":60,"precision":0.18494835218888342,"threshold":0.32132691419425596,"best_loss":0.30970320105552673,"fraud_ratio":0.05199291408325952,"_wandb":{"runtime":60},"_timestamp":1.7522169210215666e+09,"feature_strategy":"combined","best_epoch":11}