{"feature_strategy":"combined","feature_count":11,"fraud_ratio":0.05199291408325952,"recall":0.1848381601362862,"precision":0.19220549158547387,"threshold":0.052047581665840066,"_step":12,"_timestamp":1.7514423388044078e+09,"loss":0.10708066076040268,"_wandb":{"runtime":13},"final_auc":0.6186646470341151,"val_loss":0.02270941436290741,"confusion_matrix_table":{"log_mode":"IMMUTABLE","ncols":3,"size":188,"_latest_artifact_path":"wandb-client-artifact://wvny42aj5hutwt9dkffiizlx0hpzp3fsmh20y9l899rn5i2a1io6oume7wy4cgrf8wg3tzrf2c4bg0x0ioba8kth1t64rfacn37zprfmirske2k9vsbqeivogej1jwu6:latest/confusion_matrix_table.table.json","artifact_path":"wandb-client-artifact://smw5jn9m3zpstrpaze22xne8s3s5yxqjiwregaz253pav68ve305x47yeor5nl8yyhgqcwnlclogq3uev35t36j2rrkr4u518ngdev3saz17eovmdben2dppulp8iwpo/confusion_matrix_table.table.json","_type":"table-file","path":"media/table/confusion_matrix_table_2_2c1d420563e5ecdc774f.table.json","sha256":"2c1d420563e5ecdc774fe7190c155480db588b90a1145e399c446a50e06da23c","nrows":4},"sample_count":22580,"best_epoch":10,"epoch":9,"_runtime":13}