{"_step":0,"data/transactions_total":22580,"data/features_base":15,"data/fraud_rate":0.05199291408325952,"_wandb":{"runtime":1},"_runtime":1,"_timestamp":1.7520189372140996e+09}