{"sample_count":22580,"threshold_percentile":93,"_runtime":64,"feature_count":38,"threshold":0.4031731972366931,"recall":0.2819420783645656,"best_loss":0.3165193796157837,"_step":2,"learning_rate":0.015,"fraud_ratio":0.05199291408325952,"precision":0.20936116382036685,"total_epochs":14,"_timestamp":1.7522173309067204e+09,"final_loss":0.3170385956764221,"final_auc":0.7007744807494786,"best_epoch":12,"confusion_matrix_table":{"path":"media/table/confusion_matrix_table_2_e8037ab90d1d78017e3a.table.json","artifact_path":"wandb-client-artifact://a6sk12j0egir3vlwwctoskyg74yxvyi6r04u98gk67d3nbyh8zgb79lh3t2ngpgjg5huxx0x72mqwjbhsfys44vpkh9gce5iw79lgmz7me2pwvhj1pzltfr2cppv6n9w/confusion_matrix_table.table.json","sha256":"e8037ab90d1d78017e3ac18a81819cd6bad351e8008b03b7497eb8505acf7f3b","_latest_artifact_path":"wandb-client-artifact://hbl1ulaovqouwdtwhn3mjdwmjbwn5vcf3zg8o343r7z66rss53u3jykrz2h3hy9apnijafrx6ewqf5dmszhx6w047k9lfiq0ozabsdmjtllhotfj00at44ghbynx5u7q:latest/confusion_matrix_table.table.json","log_mode":"IMMUTABLE","ncols":3,"nrows":4,"_type":"table-file","size":189},"_wandb":{"runtime":64},"final_sweep":true,"feature_strategy":"combined"}