{"feature_count":38,"precision":0.2144212523719165,"recall":0.2887563884156729,"_wandb":{"runtime":50},"_runtime":50,"best_epoch":14,"sample_count":22580,"best_loss":0.31512826681137085,"confusion_matrix_table":{"_latest_artifact_path":"wandb-client-artifact://637puope8l35trusapsvlliohfhel677l0dl8v4w9aq2xiq8g0f6ug6vl3i8ebqt7u2nx6lc402yp9ce4bepmlqcdidmqn1a6iiy6wfjyij53gbmfb1e4g1fzxoay5y3:latest/confusion_matrix_table.table.json","nrows":4,"_type":"table-file","size":189,"log_mode":"IMMUTABLE","ncols":3,"sha256":"22e76cb8138aa919612305ff839a28227811970eca1fc1ab20cf38c4ef8449fe","path":"media/table/confusion_matrix_table_2_22e76cb8138aa9196123.table.json","artifact_path":"wandb-client-artifact://k6on0zgdo2pvu41dg81s5i10r7dc70h0b48bv294mez7a4dc0bwi265aa23812ze1bnme0f691zdomaircpbirivqrm8xtfffmreimqrcqubcbde5567rp6t3mk0cgs6/confusion_matrix_table.table.json"},"final_sweep":true,"_step":2,"total_epochs":15,"final_auc":0.7062347467100325,"threshold":0.3617031474200577,"threshold_percentile":93,"learning_rate":0.015,"fraud_ratio":0.05199291408325952,"feature_strategy":"combined","final_loss":0.31512826681137085,"_timestamp":1.7522190099404607e+09}