{"precision":0.2595217006200177,"best_epoch":9,"recall":0.2495741056218058,"all_9_strategies":true,"fraud_ratio":0.05199291408325952,"threshold":0.4907235037965646,"_step":2,"total_epochs":11,"_wandb":{"runtime":41},"feature_count":38,"sample_count":22580,"_runtime":41,"final_loss":0.3231407403945923,"best_loss":0.3217213749885559,"feature_strategy":"combined","_timestamp":1.7522119055558846e+09,"confusion_matrix_table":{"ncols":3,"log_mode":"IMMUTABLE","nrows":4,"size":188,"artifact_path":"wandb-client-artifact://0rwx5im118jdaccok6d8yt861ocm6hhorjqfs3s1hxvgph9v5dj6bwb8gpadgwsq2sj2vnhytuawmrookkocr6fglvapubtdqpgr76fdk0rywh7tj1994j7nv3a7m9j3/confusion_matrix_table.table.json","sha256":"6eb062ab094fc89cd25ba3d30f40cedb5e18e3e96812e9d165a6515548c6ff37","path":"media/table/confusion_matrix_table_2_6eb062ab094fc89cd25b.table.json","_type":"table-file","_latest_artifact_path":"wandb-client-artifact://2h1roy39rkalnm4xalno90zyiu9wwogrn09k1u2z2kg3ni4jy04zmsz0iug661wbqz1l7yj9mvko9dhyw7o2wur4xte9wdlrm6siznspbk3yte04j12qih3k83vzc3fd:latest/confusion_matrix_table.table.json"},"final_auc":0.6971200180942437}