{"final_sweep":true,"confusion_matrix_table":{"sha256":"37ed5f928be436dd37008f71461babd85cd26857feb61413a8fd72e6d146a817","nrows":4,"_latest_artifact_path":"wandb-client-artifact://9iknephy1g998wnr8yxr107zvnyi4ik746c9y4sufyhqjbx2i6opn63apf6dck5l9rxjfz4gp5lmfjtbigdpq5fbq3orev7coyu7apzbikt49nuxbjwpi03qpbk579mb:latest/confusion_matrix_table.table.json","log_mode":"IMMUTABLE","ncols":3,"_type":"table-file","path":"media/table/confusion_matrix_table_2_37ed5f928be436dd3700.table.json","size":188,"artifact_path":"wandb-client-artifact://woi90mjkz7ayv0vs53yffoxk8o9szug2owzeaos28hklj1y7xek3o18xcitlgisvarnthkncs20ortaq1fskq2sblsk2qyunf6geutgrzq892rkc15ncblcla7x92f64/confusion_matrix_table.table.json"},"final_auc":0.7192904009941011,"feature_count":38,"fraud_ratio":0.05199291408325952,"sample_count":22580,"threshold_percentile":97,"final_loss":0.3146502375602722,"_wandb":{"runtime":63},"best_epoch":13,"total_epochs":14,"_timestamp":1.7522159903488817e+09,"recall":0.2010221465076661,"precision":0.3480825958702065,"_step":2,"best_loss":0.3146502375602722,"feature_strategy":"combined","_runtime":63,"learning_rate":0.005,"threshold":0.8980545944891447}