{"fraud_ratio":0.05199291408325952,"_timestamp":1.752268298914604e+09,"_runtime":58,"feature_count":38,"final_sweep":true,"confusion_matrix_table":{"nrows":4,"ncols":3,"path":"media/table/confusion_matrix_table_2_d16eeec156285ab2935e.table.json","size":189,"_latest_artifact_path":"wandb-client-artifact://ikkhshduyh3obq2cnru80fukl5f8rgqkil2f8zmd4kutuuzrwou26kutg3twu8l2bbt6rg04emr6rf9lfbpav42h6tzstq8a8u437yrssmi91be1ls684ayiuizbvzgt:latest/confusion_matrix_table.table.json","log_mode":"IMMUTABLE","_type":"table-file","artifact_path":"wandb-client-artifact://6fnp3lusfjrtd1sdeajiyi5mukzj0zrab9umtxclidipi4447284i2olil0u55sfj557q2mdi2o322h0evxemmqariwp7kdw2c1wlolnve913xdwf6wpzjt9nslerct9/confusion_matrix_table.table.json","sha256":"d16eeec156285ab2935ec9ef66a340404b591ee63667db0d1a98c84d23fb5354"},"learning_rate":0.008,"best_epoch":12,"feature_strategy":"combined","_step":2,"best_loss":0.3105257749557495,"precision":0.1839645843580915,"final_loss":0.3105257749557495,"_wandb":{"runtime":58},"threshold_percentile":91,"sample_count":22580,"threshold":0.34760763646135445,"total_epochs":13,"recall":0.3185689948892675,"final_auc":0.6947638508587366}