{"_step":2,"sample_count":22580,"recall":0.3126064735945486,"threshold_percentile":93,"final_auc":0.7213774147610383,"total_epochs":14,"final_loss":0.3143022060394287,"threshold":0.44869988624505835,"precision":0.23213156230234028,"best_loss":0.3143022060394287,"_wandb":{"runtime":62},"feature_strategy":"combined","final_sweep":true,"learning_rate":0.01,"best_epoch":13,"_timestamp":1.7522692246059463e+09,"confusion_matrix_table":{"_latest_artifact_path":"wandb-client-artifact://j9dk9ra4szx0vv0yr9lu4v3xasc73b72qf4zd69rioif9ctm7evxi40gwk4j32ygxtnqjoc99u0t700ysvjegmbhqn12fo21bxsynngpfdcbc58qgxle2ve4tzw1au8k:latest/confusion_matrix_table.table.json","nrows":4,"ncols":3,"artifact_path":"wandb-client-artifact://dw1aatas79wur55r1p03avp45o6opvqpqqqyx3i0ltvjzkdjwlgdiakia1ky6uvhuy2aiwkt1d644hnm9jwdq4ww65fu86gagw6nc0dyy8sf0bbwcxiniojmdbcex7c0/confusion_matrix_table.table.json","size":189,"path":"media/table/confusion_matrix_table_2_3659a763462b4cbb79ec.table.json","log_mode":"IMMUTABLE","_type":"table-file","sha256":"3659a763462b4cbb79ec30c7127ed2ee97949e6d0f98da643a7c2806050700be"},"feature_count":38,"_runtime":62,"fraud_ratio":0.05199291408325952}