{"final_auc":0.7022728506281017,"_step":2,"best_loss":0.3129666745662689,"_runtime":44,"_timestamp":1.752217925901236e+09,"feature_count":38,"final_loss":0.31610530614852905,"precision":0.35693215339233036,"final_sweep":true,"total_epochs":13,"feature_strategy":"combined","recall":0.2061328790459966,"best_epoch":10,"confusion_matrix_table":{"ncols":3,"path":"media/table/confusion_matrix_table_2_8d1f74b1af155b189d31.table.json","log_mode":"IMMUTABLE","_type":"table-file","sha256":"8d1f74b1af155b189d3105be8a147ab359156e0996d379144505783c60aa5746","_latest_artifact_path":"wandb-client-artifact://o9dm8eofcg195ktmoa0p7028gjvjcovg4g64u4nb4d5faj24k94l0g2yds81gyw8vpbyl9vph7z9oi57xgkbayuwgu7mmuio2m4bacgxlfa5khlu0nby8dejnzf30c5y:latest/confusion_matrix_table.table.json","size":188,"nrows":4,"artifact_path":"wandb-client-artifact://h7af9an51fkgl18yq52zxdwp8xiablvnx8g60ylzx6vxya2mjl5j1fawb9fd9x584w4u8j39fbdygpohsgv0uolqekbuv5nfhw43i3n9cmtmin067tt40x4328830vym/confusion_matrix_table.table.json"},"_wandb":{"runtime":44},"fraud_ratio":0.05199291408325952,"threshold":0.7928876125730425,"learning_rate":0.005,"sample_count":22580,"threshold_percentile":97}