{"precision":0.21700620017714792,"final_auc":0.6576082968665666,"confusion_matrix_table":{"sha256":"ac73188f6a80e0e85429642a19137e7fd9f378ee93ff43d7b9ff62fa1ea09c7e","_type":"table-file","size":188,"ncols":3,"artifact_path":"wandb-client-artifact://hqg069gmj6n5hoozev3reluziq4k9t4kn4qljlfibuicsocz4l75u7ffa525k3zkxe8bxox4nik3kge34uc49qp3voi2o4dxkonmtdypjagyl2vvaocwpuub40hbvnim/confusion_matrix_table.table.json","path":"media/table/confusion_matrix_table_2_ac73188f6a80e0e85429.table.json","_latest_artifact_path":"wandb-client-artifact://7yky20gc1wp70ibiij6a350eemgmnk3nuwiasq7ofx1nbnkccc8rzqepgncn6iq78dgqmvuxmfu6tyz26te0ffp7gnb8binq0hb1ncmp0f1jacch72kmutj7qypq1y96:latest/confusion_matrix_table.table.json","log_mode":"IMMUTABLE","nrows":4},"sample_count":22580,"recall":0.20868824531516184,"val_loss":0.01848519966006279,"fraud_ratio":0.05199291408325952,"_runtime":15,"loss":0.10905361920595169,"threshold":0.04494157494282059,"feature_strategy":"baseline","_wandb":{"runtime":15},"feature_count":9,"best_epoch":10,"_timestamp":1.7514276981847043e+09,"epoch":9,"_step":12}