{"best_epoch":10,"loss":0.11142067611217499,"epoch":9,"threshold":0.05144529458490228,"fraud_ratio":0.05199291408325952,"feature_strategy":"baseline","_step":12,"final_auc":0.6569038580945239,"recall":0.20868824531516184,"_timestamp":1.7514342869758787e+09,"sample_count":22580,"confusion_matrix_table":{"sha256":"ac73188f6a80e0e85429642a19137e7fd9f378ee93ff43d7b9ff62fa1ea09c7e","artifact_path":"wandb-client-artifact://5b3qwk1w4pl5g6u7yy51dgv2z4jx1akhjxych9qpikwgjyy5fl014gg614vbbhaljfi1acrx1bl4vmme4fy0jttrjo1qdcgi0q2vwoyz9lo9ncwxgafjcus0uojc3ykd/confusion_matrix_table.table.json","nrows":4,"size":188,"_type":"table-file","_latest_artifact_path":"wandb-client-artifact://8w7v6w4do3anncki8tl19fbvchsfl0pfdreb9sgxl7th4c54bjhf1y9ctef5b1n07jhgfm77kipjzd89vr80n557mva5fu4pqfdo7h0m93tw5e33e5kqxjo16qbgu2jz:latest/confusion_matrix_table.table.json","path":"media/table/confusion_matrix_table_2_ac73188f6a80e0e85429.table.json","ncols":3,"log_mode":"IMMUTABLE"},"val_loss":0.02025529555976391,"_runtime":15,"feature_count":9,"precision":0.21700620017714792,"_wandb":{"runtime":15}}