{"total_epochs":12,"_timestamp":1.7522173928718185e+09,"feature_count":38,"final_loss":0.3147069811820984,"_step":2,"fraud_ratio":0.05199291408325952,"final_sweep":true,"precision":0.27015057573073514,"final_auc":0.7182375429774104,"confusion_matrix_table":{"size":188,"path":"media/table/confusion_matrix_table_2_397a6fc2d7cec305ba64.table.json","artifact_path":"wandb-client-artifact://7hh3nl3lbd4yx3j9rwfj6iger3b7i9bhhod21mr40m1kbun97fcae8x3hc1kqum0bxxepgry09ws6tdf51j7ws2jd7cl8yciv3k8px2wcorj4cx50tpuasr729y57y08/confusion_matrix_table.table.json","log_mode":"IMMUTABLE","nrows":4,"_latest_artifact_path":"wandb-client-artifact://1aghz8es1yf8gtghtjwk40w73h4ux3v3nz65nog3wv9nkfddnll82spob9x2y02jg735wyhbstk6tbn0jg2xufbf3p4asoamy2z38ikvwsexgqc8lm336kvcdipp0nol:latest/confusion_matrix_table.table.json","ncols":3,"sha256":"397a6fc2d7cec305ba64ffdcb7a2587b59d3ed6e6f4a1924bd64c8635917cc9a","_type":"table-file"},"threshold":0.5885798150121065,"learning_rate":0.015,"recall":0.25979557069846676,"sample_count":22580,"threshold_percentile":95,"_wandb":{"runtime":56},"best_loss":0.3147069811820984,"_runtime":56,"feature_strategy":"combined","best_epoch":11}