{"data/fraud_rate":0.05199291408325952,"_wandb":{"runtime":2},"_runtime":2,"_timestamp":1.7520195773287222e+09,"_step":0,"data/transactions_total":22580,"data/features_base":15}