{"feature_count":38,"final_auc":0.7164920246373312,"recall":0.26405451448040884,"final_loss":0.3140164315700531,"_timestamp":1.7522152214256008e+09,"_step":2,"total_epochs":18,"precision":0.2745792736935341,"fraud_ratio":0.05199291408325952,"confusion_matrix_table":{"log_mode":"IMMUTABLE","nrows":4,"size":188,"path":"media/table/confusion_matrix_table_2_0e23725648b2534a7507.table.json","sha256":"0e23725648b2534a750739359005931963291628766f7f945478ec4a96a91df3","artifact_path":"wandb-client-artifact://y6no1ol9cpidwqzu0yhlfnxi6hxvuqy0g5kpkn3muf6le46apts6nma02i2eqloou807pn3jj0ooqkfesuiw2d5rgicqvwul8ud94ep67qmfjcw32cpfss6239wsb7js/confusion_matrix_table.table.json","ncols":3,"_type":"table-file","_latest_artifact_path":"wandb-client-artifact://i2bgedcxew16k14tbmr3jdo4vzm6qskx7rmtjbw43pqam8t6fwjadg8s25dz6zeivixq561ea7sln0nr3ztwutqlsmaojrf5zg8qrleb3c3qlsf7uencenar4gbpt2pg:latest/confusion_matrix_table.table.json"},"final_sweep":true,"_runtime":48,"best_epoch":17,"best_loss":0.3140164315700531,"sample_count":22580,"feature_strategy":"combined","threshold":0.47064055919216513,"_wandb":{"runtime":48},"threshold_percentile":95,"learning_rate":0.005}