{"best_loss":0.305596262216568,"_timestamp":1.7522673712106738e+09,"threshold":0.33626271676588,"confusion_matrix_table":{"path":"media/table/confusion_matrix_table_2_c3f7f43edd26b7303f51.table.json","log_mode":"IMMUTABLE","artifact_path":"wandb-client-artifact://qj9e5skv7lf3e6xdhcmgdr7td20hb9ho4il6881bu3x82hpvrdacamd8ve8r2aitzfjmvog1j8evmsop5nieiaqioz0m8ncgndjewdttdz2r7w1n3vz2uvws9nlqu6gf/confusion_matrix_table.table.json","_latest_artifact_path":"wandb-client-artifact://kuofny51c1izzl577jg6xjogur3wan2ahu8d14e0lhy8fx9zp7boex550l199le4m7zsjjcbr6g6jgx4z8jw986stp998ejabx43answvx5s7dltihiow2g8ts6cdweg:latest/confusion_matrix_table.table.json","sha256":"c3f7f43edd26b7303f5151ca4688300865a01e79a372f3e1080a959b557297f9","nrows":4,"size":189,"ncols":3,"_type":"table-file"},"final_sweep":true,"threshold_percentile":91,"best_epoch":20,"sample_count":22580,"final_loss":0.30841585993766785,"_wandb":{"runtime":78},"total_epochs":25,"_runtime":78,"learning_rate":0.01,"precision":0.21790457452041317,"feature_count":38,"recall":0.37734241908006816,"final_auc":0.73365986959984,"feature_strategy":"combined","_step":2,"fraud_ratio":0.05199291408325952}