{"_timestamp":1.7514255087273247e+09,"_step":0,"_wandb":{"runtime":13},"_runtime":13,"feature_count":10,"sample_count":22580,"fraud_ratio":0.05199291408325952,"feature_strategy":"temporal"}