{"threshold":2.1149877888754154,"final_auc":0.7166854140307746,"fraud_ratio":0.05199291408325952,"_runtime":78,"feature_strategy":"combined","best_loss":0.314255952835083,"learning_rate":0.008,"sample_count":22580,"precision":0.6061946902654868,"_step":2,"final_loss":0.3155288100242615,"confusion_matrix_table":{"sha256":"c6489985d1375b484c388ab9648587cbed48c4c3e1fec6ef04863d9a07b49615","_latest_artifact_path":"wandb-client-artifact://wazy6ee2y02st2alebe31y74bm4uvouadh1qm5plj70ykdjhrcljzxzh7bm6wrdp2ro3n4c3vzvy33lecjz53wchwmsnb01jhzqw8bc169xu6jiar6ymo061nxkgy8pw:latest/confusion_matrix_table.table.json","path":"media/table/confusion_matrix_table_2_c6489985d1375b484c38.table.json","nrows":4,"log_mode":"IMMUTABLE","artifact_path":"wandb-client-artifact://k4aizdfsb78xo4exgsfy5xi5aonqan4vtc2hqvcss6yoef1is64kqodtoezwnavitvwm3qgquqb7oe6nyz2n4ucd0jiq3xcjtdryo96sizao5l4zhlmjqw327v8xysrc/confusion_matrix_table.table.json","ncols":3,"size":188,"_type":"table-file"},"final_sweep":true,"total_epochs":21,"threshold_percentile":99,"recall":0.11669505962521294,"feature_count":38,"best_epoch":19,"_wandb":{"runtime":78},"_timestamp":1.7522690722450402e+09}