{"threshold":0.8477819742414919,"precision":0.36578171091445427,"final_loss":0.3153914511203766,"best_epoch":10,"_step":2,"_wandb":{"runtime":55},"threshold_percentile":97,"_timestamp":1.7522163994313076e+09,"learning_rate":0.008,"best_loss":0.3153914511203766,"total_epochs":11,"confusion_matrix_table":{"path":"media/table/confusion_matrix_table_2_7342aded1d79fcd3921b.table.json","log_mode":"IMMUTABLE","ncols":3,"_type":"table-file","_latest_artifact_path":"wandb-client-artifact://rbqfyvt5svmjdyq1uabot9ym1egcky9o7n0w7l6eoi5j98d1kk8u7ehtgjmacmqgq16jdtl7qyuxiclnl3o9vbomzt4rjvmv91b286vl4qp6y1ms4usad94fp006amvs:latest/confusion_matrix_table.table.json","artifact_path":"wandb-client-artifact://avp2ios28lsr27b46uikomr77zyc5jxb644mp9axmsegdd0u0avy7cmgc881qtcicwt1h7869sc3fke8q0e5yiur7j85sgvumnhxs02362u2ewd5ev43i3hpm2dfis57/confusion_matrix_table.table.json","size":188,"sha256":"7342aded1d79fcd3921b2ce384b9365a3f3dfcee3f9368c3e278f402b41f06c8","nrows":4},"feature_strategy":"combined","final_auc":0.6920496744930213,"sample_count":22580,"recall":0.21124361158432708,"feature_count":38,"fraud_ratio":0.05199291408325952,"_runtime":55,"final_sweep":true}