{"val_loss":0.04656302556395531,"final_auc":0.5979383576481366,"feature_strategy":"combined","threshold":0.1136119518643976,"best_epoch":10,"recall":0.1890971039182283,"confusion_matrix_table":{"path":"media/table/confusion_matrix_table_2_90a6ec66ecc14bbc9c27.table.json","ncols":3,"sha256":"90a6ec66ecc14bbc9c2729b48e5aa7d7e3cab48f7267b573fc6343bf3f4c0b1b","nrows":4,"_type":"table-file","artifact_path":"wandb-client-artifact://7ixp6v8o1whi8t9s8fhr2lqs2om21lc664ue9nr6nm8tiaf852443aq8kqivmhi8aj2ajhu46558y36f9g6un9mmud2ltas7h9fj099aq33cqfij2qliglmaqa7ry2gu/confusion_matrix_table.table.json","_latest_artifact_path":"wandb-client-artifact://xwvrc7xd7lzh4tq427dk4mmnbx7wiupsu6fsdt0dmgimnehzrff1e9xpv72wspaoa3n5ytdyoe374gpb6xcqpdzwar012i7dspy0riofvh67h8w21jvlj5dxuuvhnrnw:latest/confusion_matrix_table.table.json","size":188,"log_mode":"IMMUTABLE"},"_step":12,"sample_count":22580,"loss":0.1252988576889038,"feature_count":11,"_timestamp":1.751455605800871e+09,"epoch":9,"_wandb":{"runtime":15},"_runtime":15,"precision":0.1966341895482728,"fraud_ratio":0.05199291408325952}