{"best_epoch":7,"confusion_matrix_table":{"log_mode":"IMMUTABLE","size":189,"nrows":4,"_latest_artifact_path":"wandb-client-artifact://14k3dd8d3250mdh0a0p35ah49g7y4tf9of2w07mhyhuidlyfrvhtd0o4wrab3ivvd98y89mj0l3dfxvdv9wfpu79sq1b9pjh0hl7t98c4ybqmmnpq0384i87jupfa3zl:latest/confusion_matrix_table.table.json","_type":"table-file","sha256":"609e77e0f5a2c22564dad66104fb199df7c9e527374a306966de839703bf9e4e","artifact_path":"wandb-client-artifact://zvs87qgk4lvbnw443bn27xb6p16smprn78ugrb986qudimeuxpu1r6t9syc7lpkewsvfuno364ym69tn3uqzz3tvzst9oarhfupq6heyn0m3vxs7o65kr8iizrqnrjgd/confusion_matrix_table.table.json","ncols":3,"path":"media/table/confusion_matrix_table_2_609e77e0f5a2c22564da.table.json"},"threshold":0.4812154149512431,"_timestamp":1.75226742204008e+09,"precision":0.222011385199241,"feature_count":38,"final_auc":0.7132070312245082,"threshold_percentile":93,"recall":0.2989778534923339,"_wandb":{"runtime":45},"best_loss":0.35404422879219055,"_runtime":45,"final_sweep":true,"_step":2,"fraud_ratio":0.05199291408325952,"total_epochs":11,"feature_strategy":"combined","sample_count":22580,"final_loss":0.3575703799724579,"learning_rate":0.01}