{"recall":0.21465076660988075,"threshold":0.9109511432145594,"final_auc":0.6833947430873638,"precision":0.37168141592920356,"_step":2,"_timestamp":1.7522153112769415e+09,"final_loss":0.31849366426467896,"feature_strategy":"combined","best_loss":0.31849366426467896,"confusion_matrix_table":{"sha256":"3806d3627881532238eaeac5fe2d5322873348930c874e91bd2e0a98b15387ea","artifact_path":"wandb-client-artifact://p3r9j0gw30o021j8dd5o2uvsqvbnmd46o4focmxt276qwokexqs92ykgw3we122h2f3fpqcjonjt9sb64sxd8p8r03ip95b3i48a7t9t3uso2hdiun6fi5dt7mo8j58a/confusion_matrix_table.table.json","nrows":4,"size":188,"path":"media/table/confusion_matrix_table_2_3806d3627881532238ea.table.json","_latest_artifact_path":"wandb-client-artifact://wod8ifzt1mh2gex27jottp90ltm0qeh57m7w390c2kpr535vduwdtvry1b8mclvsjjlr4g0nvf9u5j7m6rjgglgybf2wck6m0io5ur48hyrruhibl24t6o351lzaprks:latest/confusion_matrix_table.table.json","log_mode":"IMMUTABLE","_type":"table-file","ncols":3},"final_sweep":true,"fraud_ratio":0.05199291408325952,"learning_rate":0.005,"total_epochs":11,"sample_count":22580,"_wandb":{"runtime":40},"best_epoch":10,"threshold_percentile":97,"feature_count":38,"_runtime":40}