{"total_epochs":12,"final_sweep":true,"best_epoch":10,"fraud_ratio":0.05199291408325952,"precision":0.6106194690265486,"_wandb":{"runtime":46},"feature_count":38,"recall":0.11754684838160136,"final_auc":0.7159346970972968,"threshold_percentile":99,"_runtime":46,"sample_count":22580,"_timestamp":1.7522560360142145e+09,"best_loss":0.3555888533592224,"threshold":2.405129684682711,"feature_strategy":"combined","_step":2,"learning_rate":0.01,"final_loss":0.35648053884506226,"confusion_matrix_table":{"ncols":3,"log_mode":"IMMUTABLE","size":188,"nrows":4,"artifact_path":"wandb-client-artifact://xdx7whrgpzw5k9yyaa0aw8j8nfa6f33no6unaytale43xqlbfe6o3pqyud1pibdj5dhem5uibqr5hnj484o3i790m9988mtoj8rnigtgzjgd7nb33g2h7uct4fnkx5vq/confusion_matrix_table.table.json","path":"media/table/confusion_matrix_table_2_912f4016095c1303d415.table.json","_type":"table-file","sha256":"912f4016095c1303d41542a7c3ca996ef832d677daf70fd560743acff107d1ee","_latest_artifact_path":"wandb-client-artifact://plpehpd65mwaozaeywn5yboohjqj8jp2sggn3hg13gd5tlfltjh49bt9xqvkqc9aui4comk9tyz1ln995mxb5r4uxc7s6265wlyyi9vraffc3p1cg9qwodw5ajc8wsfd:latest/confusion_matrix_table.table.json"}}