{"val_loss":0.02458520419895649,"fraud_ratio":0.05199291408325952,"final_auc":0.6469642799444376,"confusion_matrix_table":{"path":"media/table/confusion_matrix_table_2_f993b186c0937f154b6e.table.json","size":188,"ncols":3,"_type":"table-file","_latest_artifact_path":"wandb-client-artifact://eiwr12mkg1sqi6j00r9l0yrjj4399g0etbedz8s3wjcr93h2el047n5ytl0s0qgvzklvja2ofura29tncpcrgfr1lkeeonobloew9o9ic83xaqd7jqezlkv6xm9nsst2:latest/confusion_matrix_table.table.json","nrows":4,"sha256":"f993b186c0937f154b6eb760fa8ba25f27a79034cd81ab9fd24f06d0226bbd79","log_mode":"IMMUTABLE","artifact_path":"wandb-client-artifact://wr290jk4kaf05z1svvnwlt9bfnmduewpadxzwu5772ysw8c9sesneal5mjaqvkygv0xa9jpu60vg7yuvzirhhgmwz65jx3hw9xl6fqdl1obbg1fln8ynpvyca8a2oa2v/confusion_matrix_table.table.json"},"best_epoch":10,"loss":0.12454138696193695,"_runtime":11,"sample_count":22580,"feature_count":10,"feature_strategy":"temporal","threshold":0.053760661114348296,"epoch":9,"_step":12,"precision":0.20283436669619131,"_timestamp":1.7514390724408216e+09,"_wandb":{"runtime":11},"recall":0.1950596252129472}