{"_step":12,"best_epoch":10,"val_loss":0.024533294141292572,"_runtime":15,"epoch":9,"confusion_matrix_table":{"sha256":"5650f5dd643ec786579e0b6b45345e3e383205475a189c79e273a75213b0bc8d","size":188,"ncols":3,"log_mode":"IMMUTABLE","path":"media/table/confusion_matrix_table_2_5650f5dd643ec786579e.table.json","nrows":4,"artifact_path":"wandb-client-artifact://1pm2gsme7vzguo9olu1jyddmayq8ez4v3z0ddpp0upg0mpksxcpawe8ah87ul7m78jmjld2k0j1xv41xrjsk2ubogau3stmtdn3ptfhyzw9of5imsgzczm2tztvtaid5/confusion_matrix_table.table.json","_latest_artifact_path":"wandb-client-artifact://sin81avanhyx52qotps0befms7xnr2m3txouss95soa3xxr3exi4omq6a0xhxjhyfekd3blyyp0zvzbg6zl7b3a9oxk7zrqot7j9li9dn7nt1939ybj3j0bqtq0850c8:latest/confusion_matrix_table.table.json","_type":"table-file"},"_wandb":{"runtime":15},"recall":0.21124361158432708,"loss":0.10971830040216446,"fraud_ratio":0.05199291408325952,"feature_count":9,"precision":0.21966341895482727,"threshold":0.04630478287550977,"final_auc":0.6290569394083176,"sample_count":22580,"feature_strategy":"baseline","_timestamp":1.7514451892000706e+09}