{"recall":0.21890971039182283,"threshold_percentile":97,"feature_strategy":"combined","_runtime":71,"final_loss":0.3206028938293457,"learning_rate":0.008,"threshold":0.7452422282744431,"best_epoch":17,"feature_count":38,"_timestamp":1.7522158164893055e+09,"final_auc":0.7105628490857616,"best_loss":0.3206028938293457,"total_epochs":18,"confusion_matrix_table":{"log_mode":"IMMUTABLE","_type":"table-file","artifact_path":"wandb-client-artifact://uoouu7d578iau1nevsbmdul08eef9y2tv6llpqe52kf66n9t0fa41x5doaylhor61wy5ehnxs1q0idkwnoa18gkfhaqqlje4tmk1asvt4omcnslvddu4h1hdetap8qft/confusion_matrix_table.table.json","nrows":4,"ncols":3,"_latest_artifact_path":"wandb-client-artifact://3vxq6rfycoxz330ttfejk63a278r3bsqcnovqexyggk9bwhqum7h1h4ycww7x7hqfg690whyeb7n6l9bcc6juigkv1rcav11xej56nt0ftwmuwjx955umjnffq2sj3o6:latest/confusion_matrix_table.table.json","sha256":"57d918bf288c1367538c997e49792d266e97d7976bc7655facae97027cad9e39","size":188,"path":"media/table/confusion_matrix_table_2_57d918bf288c1367538c.table.json"},"final_sweep":true,"fraud_ratio":0.05199291408325952,"precision":0.37905604719764013,"_wandb":{"runtime":71},"_step":2,"sample_count":22580}