{"_wandb":{"runtime":91},"final_loss":0.2783959209918976,"final_sweep":true,"threshold_percentile":97,"_runtime":91,"sample_count":22580,"final_auc":0.712057956015771,"learning_rate":0.01,"best_epoch":22,"threshold":0.5108124907043994,"fraud_ratio":0.05199291408325952,"total_epochs":24,"recall":0.22146507666098808,"_step":2,"confusion_matrix_table":{"_latest_artifact_path":"wandb-client-artifact://1euoceqtym4ieb6vg73q78xzrx05hgqjryqw1dh6q44pfkxvpns85gki5gxtbysvn4z7m6zkj276fyelnv4qa5kky44sgijys910kzcbtdvxf0y4cw0ln7m9x19n4l1b:latest/confusion_matrix_table.table.json","path":"media/table/confusion_matrix_table_2_dc468447c464ee3c26be.table.json","artifact_path":"wandb-client-artifact://cggmdg8rw2wxrxfivj04voxi5fkhtqcqiw7zg2v437otukvel6akk0day4g07pjstnh5j38s7dq59qe2w7rd11mvbovaljp84bjzqnyfgpoyw0ozvmbzw5drka8kb7cw/confusion_matrix_table.table.json","nrows":4,"_type":"table-file","log_mode":"IMMUTABLE","size":188,"sha256":"dc468447c464ee3c26be2cb2c3a764fc9de17c94820284e39b013e655f795f76","ncols":3},"best_loss":0.2769019901752472,"_timestamp":1.7522163733415132e+09,"feature_count":38,"precision":0.3834808259587021,"feature_strategy":"combined"}