{"sample_count":22580,"best_loss":0.31136563420295715,"_runtime":57,"_step":2,"fraud_ratio":0.05199291408325952,"_timestamp":1.7522157771550958e+09,"final_auc":0.7258815174016233,"precision":0.2085587801278898,"threshold_percentile":91,"threshold":0.3741509139115943,"final_loss":0.31136563420295715,"best_epoch":12,"feature_strategy":"combined","learning_rate":0.005,"_wandb":{"runtime":57},"feature_count":38,"total_epochs":13,"confusion_matrix_table":{"_type":"table-file","log_mode":"IMMUTABLE","path":"media/table/confusion_matrix_table_2_6562900a698f50fc9995.table.json","artifact_path":"wandb-client-artifact://1b8852lfkm2op1m4anxdg32ck8t8m8be2n7auvf0eez7rmh5bxqzfdmkuwhdorkfgkm7djhaxd7j97hgdrqlwhl2hqowlv38wwy9mk6ovyuv46jfhzlp8drwspazp1tx/confusion_matrix_table.table.json","sha256":"6562900a698f50fc99957f47624b0c4edbbcb25318d01f41fe63161400d9db18","size":189,"_latest_artifact_path":"wandb-client-artifact://g6zlssifmfbehn85vtdov16wbks2f6o8sn6b3zqu1pjfa4kncr6dyv9fmw42jsnar5apaob4h9nwk7nmru1st6328w5n883rudcgvhuyy0mm0b22etjopi1dne0b7orq:latest/confusion_matrix_table.table.json","ncols":3,"nrows":4},"final_sweep":true,"recall":0.36115843270868825}