{"confusion_matrix_table":{"sha256":"57d918bf288c1367538c997e49792d266e97d7976bc7655facae97027cad9e39","_latest_artifact_path":"wandb-client-artifact://3wnjrm6ylul5san6chki0f2hgwek175s7izmbdhpwsf0921nnrj3rg2sqs97yycijjgsbc4tx9eahoyi5dbslntn1kgmxmyl8oxcdmx2todl2nib379uyxsw8i3fyqjw:latest/confusion_matrix_table.table.json","_type":"table-file","ncols":3,"log_mode":"IMMUTABLE","size":188,"nrows":4,"path":"media/table/confusion_matrix_table_2_57d918bf288c1367538c.table.json","artifact_path":"wandb-client-artifact://hq7ld9gr0okoqcx76ftm6vftipsobs7upixkb7o57y3r6bl5gzpl1ncgem88ucipypwvckly6ulg1n8mlz2k0l62cwt1c2mgnvj4ytp2m6p2n7gyh7zp1ejxilwhnbsh/confusion_matrix_table.table.json"},"_runtime":72,"final_sweep":true,"threshold":0.6580980747441946,"final_loss":0.31437772512435913,"fraud_ratio":0.05199291408325952,"feature_strategy":"combined","total_epochs":25,"feature_count":38,"sample_count":22580,"best_loss":0.313944548368454,"_step":2,"_timestamp":1.7522557099561734e+09,"threshold_percentile":97,"learning_rate":0.008,"best_epoch":22,"_wandb":{"runtime":72},"precision":0.37905604719764013,"recall":0.21890971039182283,"final_auc":0.7097989609816605}