{"epoch":9,"best_epoch":10,"_timestamp":1.7514525988140826e+09,"_runtime":14,"recall":0.1890971039182283,"loss":0.10255137085914612,"fraud_ratio":0.05199291408325952,"sample_count":22580,"final_auc":0.6396483114400092,"feature_strategy":"combined","threshold":0.0739721933065666,"_step":12,"precision":0.1966341895482728,"_wandb":{"runtime":14},"confusion_matrix_table":{"size":188,"sha256":"90a6ec66ecc14bbc9c2729b48e5aa7d7e3cab48f7267b573fc6343bf3f4c0b1b","nrows":4,"path":"media/table/confusion_matrix_table_2_90a6ec66ecc14bbc9c27.table.json","artifact_path":"wandb-client-artifact://2ha7anrmdz2865rutjdv28avbef3inlcfd1q5jxi2rpijwo212vhjwyetkj2ulign57u1x6m8dz423vavchfw3t7bh4lrvi9tf66gnx9cj5iikxcej2c93pxwj4v2g2s/confusion_matrix_table.table.json","_type":"table-file","_latest_artifact_path":"wandb-client-artifact://xhhwtv16z445xrynwuugytjoaij4nygoteqzd8roblt6kofnsyg2q6az9hx0rzzgmg0w6md5sloescpn43dh8d1kt2108bdor5mbn9vp7b5274116g342660muqgaf3q:latest/confusion_matrix_table.table.json","ncols":3,"log_mode":"IMMUTABLE"},"feature_count":11,"val_loss":0.03273247554898262}