{"_timestamp":1.7522171603657696e+09,"learning_rate":0.015,"best_epoch":19,"final_auc":0.7159044949265925,"feature_count":38,"_step":2,"threshold":0.4142882095294839,"sample_count":22580,"final_loss":0.29230043292045593,"precision":0.24575645756457565,"total_epochs":21,"_wandb":{"runtime":80},"best_loss":0.29217204451560974,"confusion_matrix_table":{"ncols":3,"log_mode":"IMMUTABLE","nrows":4,"path":"media/table/confusion_matrix_table_2_6c5e442530cd935673d0.table.json","size":189,"_type":"table-file","sha256":"6c5e442530cd935673d0bd478bb7bc6705bf21c335e112a290471cbf15ec7fc5","artifact_path":"wandb-client-artifact://toebq67sx60eu25sqgrbm2cxijxp4gd33dcasf90jm3ub7w6f25nx2j9u6vm2wdx4z0ek6s4sm5h2lxnrmxlklnr3pld1opt4c869mx2wcyknwjiina7kuk1ry7pjikv/confusion_matrix_table.table.json","_latest_artifact_path":"wandb-client-artifact://a7o9fygjx2gfq1g1mz86kngrhqvvn3dk4okl2ed1xy1xqhh0odj8qy4u334x20f34n0j72qqe53sns4p27adwytpg36rnyni0bqdqf0lhdl8ae3a0137nxs1p64oo9ir:latest/confusion_matrix_table.table.json"},"_runtime":80,"recall":0.2836456558773424,"fraud_ratio":0.05199291408325952,"threshold_percentile":94,"feature_strategy":"combined","final_sweep":true}