{"best_epoch":10,"final_auc":0.64302940266871,"threshold":0.05044004858155805,"sample_count":22580,"recall":0.22657580919931858,"_wandb":{"runtime":12},"feature_count":10,"_timestamp":1.751439090733502e+09,"confusion_matrix_table":{"size":188,"path":"media/table/confusion_matrix_table_2_02a82aa87e13becbc6d2.table.json","ncols":3,"artifact_path":"wandb-client-artifact://e9xptknkn1zaz3je1f8q3g9fcaixzi0e7kn7wqqyzr6jp5xvv56ao2fchrcxcwq460owgs6kb4i0wanrbgf5d4pwfm76nx8wye7pllcdap9cxivjehe87ec1qi4pyo0o/confusion_matrix_table.table.json","_type":"table-file","sha256":"02a82aa87e13becbc6d21b31d12401a61a6f9bcfedfcc6aa934d50d583d67ba9","log_mode":"IMMUTABLE","_latest_artifact_path":"wandb-client-artifact://j0hoe0lqjs9vx9jwv1mz8wik4yihmovq04kpzs5j1e4s4yb2o73wk5ocxc7p8us6badhv8w8n44xhbvjfg4p5g0mpq6gkqgwv2pdw94jybtl2mehuxhjvoqmmxlxqohi:latest/confusion_matrix_table.table.json","nrows":4},"val_loss":0.022769851610064507,"feature_strategy":"behavioural","epoch":9,"fraud_ratio":0.05199291408325952,"loss":0.11035650223493576,"precision":0.23560673162090345,"_runtime":12,"_step":12}