{"_wandb":{"runtime":0},"_runtime":0,"_timestamp":1.7514250182525492e+09,"_step":0,"feature_count":11,"sample_count":22580,"fraud_ratio":0.05199291408325952,"feature_strategy":"combined"}