{"learning_rate":0.015,"_wandb":{"runtime":43},"confusion_matrix_table":{"ncols":3,"_type":"table-file","_latest_artifact_path":"wandb-client-artifact://yyvaw1el3irw6ea3ug8oaonky3ee9va2goemk7c70ydzttzcgsxir4hlsqp77mkywioycntem7kr8os8dhwr9jady4h8uolt4y107xbk2ea2prxptpy5wqeiewy6i8dh:latest/confusion_matrix_table.table.json","artifact_path":"wandb-client-artifact://kusp98r0z2eo6lmlxti6cg6d15bw6m3vu9p7r1fcdogz7mkfhaxkp4506596t7e73eg4nfecb39proqtb3ox1s2zz78vg2j7gzigwdc691frckahdixp61anf8u8mavw/confusion_matrix_table.table.json","path":"media/table/confusion_matrix_table_2_21875620676b55a28b4e.table.json","sha256":"21875620676b55a28b4e849c3453246d6fd1a17a5c30600f8010283179bef43a","log_mode":"IMMUTABLE","size":188,"nrows":4},"sample_count":22580,"_runtime":43,"threshold_percentile":99,"precision":0.588495575221239,"threshold":1.985871645363549,"_step":2,"final_loss":0.3546772301197052,"recall":0.11328790459965929,"_timestamp":1.752219166289789e+09,"feature_strategy":"combined","fraud_ratio":0.05199291408325952,"feature_count":38,"total_epochs":12,"best_loss":0.35068461298942566,"final_auc":0.6927105011713985,"final_sweep":true,"best_epoch":9}