{"precision":0.22054915854738708,"val_loss":0.021629920229315758,"loss":0.11057095229625702,"_step":12,"_wandb":{"runtime":12},"confusion_matrix_table":{"nrows":4,"_type":"table-file","sha256":"ffd325c8289d8d699e8ccce6d8e02f7661533fbe46aa744dceee7bc9e3eeec34","log_mode":"IMMUTABLE","ncols":3,"artifact_path":"wandb-client-artifact://bd1z3e42b3kcd237ios48i1xx7lf65qe17gsc1clqapa9vlw926aqhvewyouf6tk7ijfpq8iexle0ryqivq69or6nnzr13p9da7om0ryz7orv4ohlhkm1v9r4f2idsyq/confusion_matrix_table.table.json","path":"media/table/confusion_matrix_table_2_ffd325c8289d8d699e8c.table.json","_latest_artifact_path":"wandb-client-artifact://p8uaazriqimmdl0ncqp7yfpeg4j6s7jf695iobl3rbe7jp88jg0zmcni75ua155ejmxtjwdxy30sa9rjpw3f28es3wcjlp2y5nv2xz58i1wj0898108rkckfsp9ehh3k:latest/confusion_matrix_table.table.json","size":188},"threshold":0.05379076390237968,"_timestamp":1.7514423140454774e+09,"fraud_ratio":0.05199291408325952,"sample_count":22580,"feature_strategy":"behavioural","_runtime":12,"feature_count":10,"epoch":9,"final_auc":0.6531921346703252,"recall":0.2120954003407155,"best_epoch":10}