{"precision":0.1928184948352189,"threshold_percentile":91,"feature_count":38,"_runtime":50,"total_epochs":13,"final_sweep":true,"final_loss":0.3510037660598755,"best_epoch":6,"recall":0.3339011925042589,"_timestamp":1.752255533645362e+09,"threshold":0.35632241433839407,"learning_rate":0.008,"sample_count":22580,"feature_strategy":"combined","best_loss":0.34722715616226196,"_step":2,"fraud_ratio":0.05199291408325952,"final_auc":0.7119700951555401,"confusion_matrix_table":{"artifact_path":"wandb-client-artifact://78kb20hk9tmvef6pqup3o1n98szasqx05vhvjjss96u5u0pkfj1ym0i05tbo4vo5u3470qp4nws1hq8bex0kpd56zxmpj09rgc0viady93u7qzoeznb8jaqwbjzliktl/confusion_matrix_table.table.json","ncols":3,"size":189,"log_mode":"IMMUTABLE","_latest_artifact_path":"wandb-client-artifact://wiwef2j29m1rcsy33jqljgb93pltl5c2xl2icuqrdsrsm0zg2njlve3myx2qazse9est7zfhpx3adt9ei8lgdd4kq6cpl0comuy18n4vbju2po42yb2gchse853lxpea:latest/confusion_matrix_table.table.json","_type":"table-file","path":"media/table/confusion_matrix_table_2_6415f1956f42bd10981f.table.json","nrows":4,"sha256":"6415f1956f42bd10981f78e56f9d98e369125e61cba0507cbf32a975b4ecd2e2"},"_wandb":{"runtime":50}}