{"confusion_matrix_table":{"path":"media/table/confusion_matrix_table_2_95439ea0aaadecabe4ed.table.json","artifact_path":"wandb-client-artifact://lwuipjp1eye53sojsksfe05gzeb136c91zovijfy1u472fngspehx7uyomehzctylqxn1l8jbjveyoz0192e1kvwybryf1z1npeyl9g4rcfqt10d6fmlzhy2brwtm4f7/confusion_matrix_table.table.json","sha256":"95439ea0aaadecabe4edb8758420a24bd3502eae5906363247875a19b81c5b47","nrows":4,"_type":"table-file","ncols":3,"log_mode":"IMMUTABLE","size":189,"_latest_artifact_path":"wandb-client-artifact://rb6vlf81nw9nnst67m7o6oujp1tczxsqgoo15197amx3f72vj6iyt4ck0n9q14trj9o4e0dm6jkwkxn9uxvkul55cjh67n0ac8g96nrxe0bv9p0jdub8bbw63m2ezsvd:latest/confusion_matrix_table.table.json"},"total_epochs":17,"threshold":0.42982308474726444,"_timestamp":1.7522181387934923e+09,"_runtime":55,"feature_count":38,"learning_rate":0.008,"sample_count":22580,"final_loss":0.311519980430603,"fraud_ratio":0.05199291408325952,"feature_strategy":"combined","recall":0.29131175468483816,"threshold_percentile":93,"_wandb":{"runtime":55},"best_loss":0.311519980430603,"final_auc":0.7019487045377747,"final_sweep":true,"_step":2,"best_epoch":16,"precision":0.21631878557874762}