{"precision":0.3185840707964602,"_runtime":55,"_step":2,"confusion_matrix_table":{"sha256":"706ee136f5f04f5d30f25c7e8468d20f9a13d743a7bdac3d9b09c794df7f392a","log_mode":"IMMUTABLE","ncols":3,"artifact_path":"wandb-client-artifact://vqc6p4smlri150z8rb5lxgv5g5uvnkh371fldukdioykkas87cujirbi9juu56hecfyff22af2ns66at8asi7gtnipyggy6w4uvjwjz49ravsgt1gm2jbzciidxefnmb/confusion_matrix_table.table.json","size":188,"_latest_artifact_path":"wandb-client-artifact://n81jbzsp390xfc6s680u9ym193kj25e3rrewjk15caso4mh66z0kvaevxen7qn721lsyshzl075sf782p9cu6p0v7piv215k64f9h48i6rfw097s34zf6mgpfwhcufzs:latest/confusion_matrix_table.table.json","path":"media/table/confusion_matrix_table_2_706ee136f5f04f5d30f2.table.json","_type":"table-file","nrows":4},"total_epochs":16,"fraud_ratio":0.05199291408325952,"final_loss":0.30924054980278015,"threshold_percentile":97,"best_epoch":15,"feature_strategy":"combined","best_loss":0.30924054980278015,"sample_count":22580,"learning_rate":0.01,"recall":0.1839863713798978,"_wandb":{"runtime":55},"final_auc":0.7049128546009407,"threshold":0.631791932411825,"_timestamp":1.7522559827770267e+09,"feature_count":38,"final_sweep":true}