{"sample_count":22580,"fraud_ratio":0.05199291408325952,"threshold_percentile":95,"best_epoch":11,"feature_strategy":"combined","_timestamp":1.7522167022444608e+09,"precision":0.2736935341009743,"_runtime":58,"final_sweep":true,"_wandb":{"runtime":58},"best_loss":0.3527988791465759,"final_auc":0.7035149198723281,"recall":0.2632027257240204,"final_loss":0.3527988791465759,"total_epochs":12,"learning_rate":0.012,"_step":2,"confusion_matrix_table":{"size":188,"_type":"table-file","log_mode":"IMMUTABLE","artifact_path":"wandb-client-artifact://9hr1b6cv0o44i93ztg2np3t27b6x3yja0apcsryazxttebb8kyfjm7usx52ore8zah5zsgm4rxjnjgdzfzxq4j4n9gvjhqnyufwh7hoorvjy8a6suw3wcgskojwpv277/confusion_matrix_table.table.json","nrows":4,"_latest_artifact_path":"wandb-client-artifact://jw12wjl37mwsle01hbf9t33xrrxm0h1pabujgja3oj9pmrpe5mh2nxp8qoq4q7l9an6ditfw9sglwvij1vrnnnlzvnfvry86vxyic4zx6batydw26kuac3dk5567zqo8:latest/confusion_matrix_table.table.json","sha256":"f3b8fe6b619701bf80aa90a424d498d713a77535fdb3b021fb34649a08de4731","ncols":3,"path":"media/table/confusion_matrix_table_2_f3b8fe6b619701bf80aa.table.json"},"feature_count":38,"threshold":0.4608711922673044}