{"best_epoch":13,"_wandb":{"runtime":55},"best_loss":0.3122516870498657,"_step":2,"confusion_matrix_table":{"path":"media/table/confusion_matrix_table_2_3f60a78859074f9799d6.table.json","size":189,"sha256":"3f60a78859074f9799d635a9d16349fdc75f718150420998a092256c5b3d5fd2","nrows":4,"_latest_artifact_path":"wandb-client-artifact://2rw154d98poq5qp7sydg2k5j75tteklws94qg2urzm8jczg4ce36jqx2ch1122b6nf8cwjydx7mvovz3dlnuq0jw2xrdjsxydf9la658qjsgzq029aczpqtig3xsphk6:latest/confusion_matrix_table.table.json","log_mode":"IMMUTABLE","artifact_path":"wandb-client-artifact://1tmosj6jtr5lm2df5lslmgi2dij94j486u250nxtfjzpwtu7xp25dranuxq8khsfd0eo2z2yi2pv2qqp169ecte4b93e0c05wud7tgut59sbbocexim1mdic1edxo6g4/confusion_matrix_table.table.json","ncols":3,"_type":"table-file"},"precision":0.2251739405439595,"threshold_percentile":93,"final_sweep":true,"_timestamp":1.7522561744658127e+09,"learning_rate":0.012,"final_loss":0.31467506289482117,"feature_strategy":"combined","feature_count":38,"recall":0.303236797274276,"total_epochs":16,"final_auc":0.7087449887873943,"sample_count":22580,"threshold":0.33268545472819233,"_runtime":55,"fraud_ratio":0.05199291408325952}