{"final_auc":0.5770796402989116,"epoch":9,"val_loss":0.039198245853185654,"loss":0.1282104253768921,"precision":0.1904340124003543,"_wandb":{"runtime":15},"_step":12,"_timestamp":1.7514525740675826e+09,"confusion_matrix_table":{"nrows":4,"ncols":3,"path":"media/table/confusion_matrix_table_2_d072c27314cffb53cade.table.json","log_mode":"IMMUTABLE","_latest_artifact_path":"wandb-client-artifact://5warc5atixp2lw9uuegvlwxabuzpulo2slm7shsu8521qwryvn97zdf9yjebwxrj2cu1rv1zxxdhxfkm0efqxxhfojk9vduurtnwuhjnwnwmqrh7sjvfu6stztv3rh4f:latest/confusion_matrix_table.table.json","artifact_path":"wandb-client-artifact://ay89xtj3r8tdpc96l32ip53ta21lp3id9l2c9o2kdxawhs599nta5wsjjgjn1wp8lb67c5sekrp3wuvysiexnouc5srihjued1tvqe02cb5y7jm2yc2udlorv5mmubm4/confusion_matrix_table.table.json","sha256":"d072c27314cffb53cadee6e5952ce0e3d5d3ebdbb10fc942ec3361d04e34e712","size":188,"_type":"table-file"},"_runtime":15,"sample_count":22580,"feature_count":10,"threshold":0.09562859861742332,"feature_strategy":"behavioural","fraud_ratio":0.05199291408325952,"recall":0.18313458262350937,"best_epoch":10}