{"final_loss":0.3156755864620209,"best_loss":0.3156755864620209,"precision":0.3495575221238938,"total_epochs":12,"_step":2,"threshold_percentile":97,"threshold":1.0664483863257832,"best_epoch":11,"final_sweep":true,"_timestamp":1.752268897495127e+09,"learning_rate":0.01,"sample_count":22580,"confusion_matrix_table":{"_latest_artifact_path":"wandb-client-artifact://p6gefwj787topi3tzrn9821mng7ykkoxjw3m2cvrkzjoois1235fvl9w0jd4n1abc800ty12ebvln60ah2sxnqg2944a2xfvhr4yba1uxwiaz4fgcmxd7j5sxr8x0oh4:latest/confusion_matrix_table.table.json","size":188,"nrows":4,"_type":"table-file","ncols":3,"log_mode":"IMMUTABLE","path":"media/table/confusion_matrix_table_2_6b60c32ce775f5cab757.table.json","sha256":"6b60c32ce775f5cab75776227b78f4a69e0611dd9692efbe1e17b114e263f9eb","artifact_path":"wandb-client-artifact://w4s35w76ciuvkyun4r4tuirzlzu40ff6chc3n5spvn2qbi00sry8ob180kt6i40ni9pme7hpcheoc0rt9538blf4k7uun1lz5dqpdh3wm7648dlyiwkx814707hkw6vz/confusion_matrix_table.table.json"},"recall":0.2018739352640545,"_runtime":60,"feature_count":38,"final_auc":0.719979360656257,"feature_strategy":"combined","_wandb":{"runtime":60},"fraud_ratio":0.05199291408325952}