{"best_epoch":20,"precision":0.2131562302340291,"confusion_matrix_table":{"_latest_artifact_path":"wandb-client-artifact://ltm9iuyuh6jqorw7xkygdz9y473pf35b24yqw2bl8mfr45maxcor8plz0wnfqzbb9zp0tob6p1irj7t50q5mku1l2b7ttk2k6hn72gmbvi0g46q93gu2hp62okurxljr:latest/confusion_matrix_table.table.json","_type":"table-file","ncols":3,"log_mode":"IMMUTABLE","path":"media/table/confusion_matrix_table_2_fc86050434c3eae3e1df.table.json","nrows":4,"size":189,"artifact_path":"wandb-client-artifact://tcd4bn38zgoxg9u75eq9850kaxhcbm1wh60r24g2zhsxzhi4stmmjaem6x6wze1a2x7ypm8ebnzvjbt442t2ldoqp5d11ykr6hjkzrrbd8c62kvfqch3a7ls7m9dtpv2/confusion_matrix_table.table.json","sha256":"fc86050434c3eae3e1df0a1b3d2d0a3025369c4645bf2bbae11e32df642970b2"},"best_loss":0.30745983123779297,"feature_count":38,"threshold_percentile":93,"threshold":0.3794661264389548,"_timestamp":1.752215864185983e+09,"fraud_ratio":0.05199291408325952,"_step":2,"learning_rate":0.005,"_wandb":{"runtime":82},"final_auc":0.6959871382524061,"final_loss":0.3097197413444519,"_runtime":82,"total_epochs":22,"final_sweep":true,"feature_strategy":"combined","sample_count":22580,"recall":0.2870528109028961}