{"fraud_ratio":0.05199291408325952,"total_epochs":13,"feature_strategy":"combined","final_sweep":true,"final_auc":0.7369232559261116,"recall":0.11669505962521294,"learning_rate":0.008,"_runtime":47,"best_loss":0.34753507375717163,"final_loss":0.34753507375717163,"precision":0.6061946902654868,"sample_count":22580,"_wandb":{"runtime":47},"_step":2,"confusion_matrix_table":{"_type":"table-file","path":"media/table/confusion_matrix_table_2_c6489985d1375b484c38.table.json","log_mode":"IMMUTABLE","sha256":"c6489985d1375b484c388ab9648587cbed48c4c3e1fec6ef04863d9a07b49615","nrows":4,"artifact_path":"wandb-client-artifact://8biu5t2zxf75clr79p91syfxs1ikmbjfk5v57cpnhghjyvxoxcdu8y9za2wnxdk4tlp5c1kwpqah4w2wnx1bu5ns2kj44wctfm4blvu68qcgxpq7mp98p04r6e1bwizg/confusion_matrix_table.table.json","_latest_artifact_path":"wandb-client-artifact://v5zrwhlci6obs48zaeq7j4czhrhsls7rls0ma3gz2zuh27wpdcf0f7vkxiua63jfqeiz6akztw5bwxujhgp1o6n9ha0ukx3l4xqf3dho4saahxuahklv2cvuckmq79ff:latest/confusion_matrix_table.table.json","size":188,"ncols":3},"threshold_percentile":99,"feature_count":38,"_timestamp":1.7522557625491283e+09,"best_epoch":12,"threshold":1.521041429353917}