{"final_loss":0.34458091855049133,"recall":0.3313458262350937,"_runtime":72,"_timestamp":1.75225611312944e+09,"best_loss":0.3410816192626953,"threshold":0.33641326114943537,"sample_count":22580,"fraud_ratio":0.05199291408325952,"feature_count":38,"threshold_percentile":91,"precision":0.191342843089031,"best_epoch":19,"total_epochs":24,"_wandb":{"runtime":72},"final_auc":0.7159187404827351,"_step":2,"feature_strategy":"combined","final_sweep":true,"confusion_matrix_table":{"log_mode":"IMMUTABLE","_type":"table-file","_latest_artifact_path":"wandb-client-artifact://lcjea6xgra736lyga5sjkc13nmgt4ex2ud7h6xzp68vmvb4earf25lxk695tc39f088oo69t253qeabcuc3qgn4ani1imrlpxcc12o7mrtkmoc2w0wfc12laltuw858b:latest/confusion_matrix_table.table.json","size":189,"ncols":3,"path":"media/table/confusion_matrix_table_2_3b5f30c1a6f23c5668eb.table.json","nrows":4,"sha256":"3b5f30c1a6f23c5668eb6899df6e656fd72321766377fb79521745fc437605d5","artifact_path":"wandb-client-artifact://bvcnwx8b9226jjjsfuyrqg0bm2l28b2te58jw8qlip5xxxrq5tcauq7qz3ewevo0o21v3oorhgn0k5kvql8yjdwnhhn1gkd6utuapo9l334crtmzw77jkuntkaigy59i/confusion_matrix_table.table.json"},"learning_rate":0.012}