{"recall":0.2887563884156729,"_wandb":{"runtime":56},"feature_count":38,"final_auc":0.7057355155721436,"final_sweep":true,"total_epochs":14,"final_loss":0.350180059671402,"precision":0.2144212523719165,"_timestamp":1.7522680087572968e+09,"_step":2,"sample_count":22580,"learning_rate":0.005,"best_loss":0.34716981649398804,"_runtime":56,"feature_strategy":"combined","threshold":0.4028332677568421,"best_epoch":7,"confusion_matrix_table":{"ncols":3,"_latest_artifact_path":"wandb-client-artifact://wbv93t84ol9oanqr9tonykq9vs0hea2ulai0tzndvpqw22su46hon6mh7nu0q0ocq1e3juglewl2iqw6diup7b79474c604jkt030atclfvqr595mps3vxfth4tw9ryh:latest/confusion_matrix_table.table.json","path":"media/table/confusion_matrix_table_2_22e76cb8138aa9196123.table.json","log_mode":"IMMUTABLE","_type":"table-file","nrows":4,"sha256":"22e76cb8138aa919612305ff839a28227811970eca1fc1ab20cf38c4ef8449fe","size":189,"artifact_path":"wandb-client-artifact://i8bkn5cy4kc6oc9fcp4g0t9ficguxbdxjzzywm8xq7bh9fx27hq5ewxnzs5w3ymz185xd5vv9lwxqk0cpm4clilvh590g03bsnje2vs1nw0piq310uvjxrxq7zfhbx5z/confusion_matrix_table.table.json"},"threshold_percentile":93,"fraud_ratio":0.05199291408325952}