{"threshold_percentile":92,"threshold":0.3490356617323887,"recall":0.30068143100511074,"feature_count":38,"best_loss":0.31783363223075867,"learning_rate":0.005,"feature_strategy":"combined","best_epoch":13,"final_auc":0.6958107400669875,"precision":0.1953514111787493,"fraud_ratio":0.05199291408325952,"total_epochs":14,"confusion_matrix_table":{"artifact_path":"wandb-client-artifact://gb6ccpebpjdozn3mpun1p38udhztl59cv2ndz9k2pejeuqpr7edv5lkrg0zzr6d8nu1df96ekh8i06gfj261mgxd9jawerfwjk3bl489sqlmiao8wfjglsua1v2tass0/confusion_matrix_table.table.json","size":189,"log_mode":"IMMUTABLE","sha256":"342ce29acaab25810f98ffb3bad8d0637b8d7c009018d5a03f6042ae1db08f10","_type":"table-file","nrows":4,"path":"media/table/confusion_matrix_table_2_342ce29acaab25810f98.table.json","_latest_artifact_path":"wandb-client-artifact://jtnhggt2sdqaxz87gw3x45eifplxnwib2w3zmzp7744nriym27hq4likiw746e36wl7g4zmysps3j6xq93kni8qjwqbignyed174dhz6ztat5nmpnvle9xddxfmz6c3v:latest/confusion_matrix_table.table.json","ncols":3},"final_loss":0.31783363223075867,"_timestamp":1.7522156136668944e+09,"_runtime":61,"_step":2,"sample_count":22580,"_wandb":{"runtime":61},"final_sweep":true}