{"threshold_percentile":95,"threshold":0.5034133053627926,"final_loss":0.315537691116333,"best_loss":0.315537691116333,"precision":0.2657218777679362,"total_epochs":16,"learning_rate":0.012,"final_sweep":true,"_wandb":{"runtime":56},"feature_count":38,"confusion_matrix_table":{"_latest_artifact_path":"wandb-client-artifact://og14rawzzoslrvkwchwjekqrxn3984wu113sa2kmc3mvuafeh334fd0x9vvqz2ixa9pflcrnoilxnfv7tjk6b91qeeuect02gfdsiwywumpc6c01siiuiqu8pio9z2t2:latest/confusion_matrix_table.table.json","size":188,"path":"media/table/confusion_matrix_table_2_b97df030bbd89d771c62.table.json","sha256":"b97df030bbd89d771c62b3212fb7928970b0e13e1e64594669c09a3bb28db9b3","nrows":4,"log_mode":"IMMUTABLE","_type":"table-file","artifact_path":"wandb-client-artifact://oqwhb7w5j8c0qbg3yngg12g407otvxumzmgjzx0904ox9naka7n3qh28kwgztgtqiv432rf6nt2u74nyvuadlpqd5b57hmafrprj67549jyqc98r84bfee3z22n5kq0b/confusion_matrix_table.table.json","ncols":3},"_runtime":56,"final_auc":0.6983944382802129,"_step":2,"best_epoch":15,"feature_strategy":"combined","_timestamp":1.7522678057818184e+09,"recall":0.2555366269165247,"sample_count":22580,"fraud_ratio":0.05199291408325952}