{"threshold_percentile":93,"threshold":0.41252792812332983,"fraud_ratio":0.05199291408325952,"best_epoch":13,"_wandb":{"runtime":66},"final_auc":0.7005243080917465,"best_loss":0.31359007954597473,"recall":0.2938671209540034,"learning_rate":0.008,"precision":0.21821631878557876,"total_epochs":15,"_runtime":66,"final_sweep":true,"feature_strategy":"combined","_timestamp":1.7522683703122988e+09,"feature_count":38,"sample_count":22580,"_step":2,"confusion_matrix_table":{"nrows":4,"size":189,"artifact_path":"wandb-client-artifact://gaq5vvvpn8g9mxiirspy4ycwao89y1fhf63lbimjoo9pwbida4ftsq1ky7b1yuy6d9ky6g2qp8l1r03ftiaqg3r7k96irlpexbpg8xq0k2a06ukd459rfeaj9yh32d4k/confusion_matrix_table.table.json","_latest_artifact_path":"wandb-client-artifact://1itzczop2x767v259vnkk8bxlhghv9vzo77l9ejrzjgk352vye6qtkvu6lxcq2meqbgk01hd2h2ndf71a3gjg075e85ucwzxtk8duwziwsfbt7nfylvjw4gp6182nx6m:latest/confusion_matrix_table.table.json","log_mode":"IMMUTABLE","_type":"table-file","sha256":"ef7b52bb562b805f983ca9615ed718cb931b67923779173fe0ffeb4ec67a9ddd","path":"media/table/confusion_matrix_table_2_ef7b52bb562b805f983c.table.json","ncols":3},"final_loss":0.3185063898563385}